semester_aktif,kehadiran_total,retake_count,elearning_login_count,elearning_partisipasi,elearning_tugas_dikumpul,status_kerja,beban_kerja,pendapatan_ortu,ipk_sem1,ipk_sem2,ipk_sem3,ipk_sem4,ipk_sem5,ipk_sem6,ipk_sem7,ipk_sem8,status_beasiswa,dropout
8,100,0,31,17,0,Tidak Bekerja,0.0,1890906,3.07,3.07,2.95,3.16,2.43,3.46,2.53,2.64,1,0
8,52,3,33,3,8,Tidak Bekerja,0.0,3474958,3.08,2.58,3.22,2.96,3.54,2.54,3.16,3.1,1,1
3,60,1,9,27,5,Bekerja,13.671712687693608,2844410,3.35,2.61,2.53,,,,,,0,1
3,98,0,22,11,2,Bekerja,16.713181355210367,4539248,2.67,3.31,3.26,,,,,,0,0
8,57,1,7,22,6,Tidak Bekerja,0.0,2075682,2.39,2.84,2.85,2.47,2.95,2.82,3.15,2.76,1,1
8,96,0,6,1,7,Tidak Bekerja,0.0,3254247,3.48,2.8,2.69,3.03,2.78,3.13,3.26,2.63,0,1
8,58,1,39,0,5,Bekerja,9.735361667603238,1546604,2.81,3.04,2.76,2.75,2.21,2.24,2.67,3.29,0,1
5,56,0,41,22,9,Tidak Bekerja,0.0,1329665,2.69,2.59,3.23,2.81,3.44,,,,0,1
3,77,1,47,28,7,Tidak Bekerja,0.0,2062242,3.07,2.29,2.31,,,,,,0,0
2,78,1,18,21,9,Bekerja,24.435573906683786,2290825,3.21,2.49,,,,,,,1,0
5,65,2,35,3,8,Tidak Bekerja,0.0,3667957,2.67,2.93,2.65,3.23,2.1,,,,0,1
5,54,0,46,12,1,Bekerja,20.234546612260747,1761892,3.26,3.11,3.94,2.81,3.04,,,,1,1
4,94,3,49,20,0,Bekerja,10.544369150801383,3983213,3.01,2.43,3.02,2.93,,,,,1,1
2,72,3,25,1,8,Bekerja,17.882071447166076,2709696,2.93,2.87,,,,,,,1,1
3,56,1,5,8,8,Bekerja,27.47699589283757,2285916,2.81,3.28,2.84,,,,,,0,1
5,85,0,44,4,8,Bekerja,15.183572776205894,3105013,3.82,3.39,3.08,3.06,2.42,,,,0,1
2,92,1,5,10,0,Tidak Bekerja,0.0,4411794,2.05,3.14,,,,,,,0,0
6,91,0,29,6,9,Tidak Bekerja,0.0,1996591,3.08,2.2,3.03,2.79,3.36,3.33,,,0,0
7,99,1,28,0,0,Bekerja,11.17094360405287,2374348,2.6,2.64,2.95,3.26,2.42,2.81,3.12,,0,1
2,78,2,20,15,4,Bekerja,27.939711334489907,3436930,2.4,3.09,,,,,,,1,0
6,78,1,35,23,7,Tidak Bekerja,0.0,1788828,2.92,3.29,2.39,2.82,3.02,2.52,,,0,0
6,72,1,41,25,5,Bekerja,23.541598308557177,3011713,3.36,2.62,2.59,2.89,3.06,3.07,,,1,0
5,85,0,29,0,1,Bekerja,28.195835975808954,1230313,2.63,2.37,3.47,2.5,3.65,,,,0,1
2,82,1,28,24,6,Bekerja,21.764235430821024,2430209,2.62,3.5,,,,,,,1,0
7,58,0,19,24,4,Tidak Bekerja,0.0,1949298,2.74,2.58,2.77,2.47,2.64,2.15,3.29,,0,1
4,69,3,21,8,7,Bekerja,21.535890576177366,3915349,2.45,3.0,2.31,2.49,,,,,1,1
2,89,0,32,11,9,Tidak Bekerja,0.0,2829132,3.06,2.79,,,,,,,1,0
2,75,0,17,6,5,Tidak Bekerja,0.0,2272041,2.86,2.19,,,,,,,0,0
3,57,0,29,9,1,Tidak Bekerja,0.0,2821786,3.31,3.58,2.9,,,,,,0,1
5,89,2,25,27,9,Tidak Bekerja,0.0,4796051,2.32,3.28,2.79,2.72,3.04,,,,0,0
6,57,0,12,10,5,Tidak Bekerja,0.0,4403380,2.5,2.78,2.74,2.98,2.18,2.76,,,1,1
5,70,0,1,12,7,Tidak Bekerja,0.0,3455885,2.46,3.02,2.92,3.26,3.14,,,,0,0
7,50,1,30,19,9,Tidak Bekerja,0.0,2274192,3.21,2.95,3.07,3.15,2.9,2.81,2.16,,1,1
5,84,2,6,1,2,Tidak Bekerja,0.0,2416236,1.62,2.79,3.29,3.47,2.14,,,,1,1
2,80,0,4,24,0,Tidak Bekerja,0.0,2281510,2.92,2.57,,,,,,,1,0
8,50,0,16,17,6,Tidak Bekerja,0.0,2069674,2.68,3.19,2.39,2.93,2.68,2.47,3.31,3.28,1,1
2,78,1,23,11,6,Tidak Bekerja,0.0,2285907,3.01,3.43,,,,,,,1,0
2,71,0,41,26,1,Bekerja,26.22891210717021,1569659,2.64,2.98,,,,,,,0,0
4,85,1,11,12,2,Bekerja,16.035954825028004,3116035,3.13,2.59,3.05,2.56,,,,,1,0
3,64,0,20,23,5,Tidak Bekerja,0.0,3068057,2.27,2.85,3.04,,,,,,0,1
7,73,0,3,11,9,Bekerja,12.359130752108495,1850019,3.66,3.63,2.56,2.5,3.23,2.89,2.24,,1,0
6,71,0,41,2,0,Tidak Bekerja,0.0,2702194,3.01,3.09,2.46,3.1,2.66,2.39,,,0,1
7,82,0,43,2,5,Tidak Bekerja,0.0,780946,3.15,2.93,2.28,3.09,2.66,3.01,2.74,,1,1
6,65,1,6,22,0,Tidak Bekerja,0.0,3348365,2.74,3.0,2.28,2.74,3.36,2.0,,,0,1
4,78,1,41,17,9,Tidak Bekerja,0.0,3031296,2.22,2.27,2.64,2.54,,,,,0,1
5,52,1,6,28,1,Tidak Bekerja,0.0,2975945,2.91,2.92,2.34,2.09,2.67,,,,1,1
6,52,0,19,3,1,Tidak Bekerja,0.0,2758960,2.98,3.19,2.24,3.49,2.88,3.29,,,0,1
3,89,0,25,8,0,Tidak Bekerja,0.0,2740837,3.37,2.54,2.32,,,,,,0,0
2,76,0,38,12,8,Bekerja,7.730754557238324,2098844,2.66,2.26,,,,,,,0,1
2,62,2,21,9,4,Bekerja,15.93005195742617,1852897,3.05,2.71,,,,,,,0,1
5,96,3,11,17,0,Tidak Bekerja,0.0,2087273,2.48,3.26,2.98,2.76,2.96,,,,1,1
5,71,1,30,17,0,Tidak Bekerja,0.0,3155215,2.43,2.99,2.87,2.52,2.36,,,,0,0
5,58,2,10,14,0,Tidak Bekerja,0.0,2074498,2.54,3.26,2.82,2.6,3.11,,,,1,1
5,99,2,33,7,2,Bekerja,22.47555667463959,4424796,2.58,2.75,3.14,2.55,2.98,,,,1,0
2,86,0,33,1,9,Bekerja,26.338860467091784,967905,2.56,2.39,,,,,,,0,1
4,99,1,39,24,9,Tidak Bekerja,0.0,4302142,2.56,3.31,2.67,2.62,,,,,0,0
3,97,0,46,20,5,Tidak Bekerja,0.0,3514430,3.16,2.13,2.66,,,,,,1,0
5,52,1,29,11,4,Tidak Bekerja,0.0,2541121,2.52,1.99,1.97,3.56,2.54,,,,1,1
3,54,0,26,28,9,Bekerja,18.1903015040677,2070116,2.85,1.91,2.82,,,,,,1,1
6,50,1,11,10,5,Bekerja,17.021913155369482,2383805,3.18,2.42,3.57,2.63,3.16,2.38,,,1,1
6,56,2,40,21,2,Bekerja,25.982982814261362,3975763,2.62,3.04,2.69,2.33,2.72,2.67,,,0,1
8,52,0,41,11,7,Tidak Bekerja,0.0,5229568,2.05,3.22,2.63,2.65,1.91,2.1,2.8,2.9,0,1
2,63,3,39,22,3,Tidak Bekerja,0.0,1427219,2.86,2.06,,,,,,,1,1
5,75,2,33,20,3,Tidak Bekerja,0.0,638417,2.24,3.85,2.06,3.02,2.73,,,,1,0
5,52,0,44,14,2,Tidak Bekerja,0.0,2828095,2.52,2.7,2.73,2.14,2.87,,,,0,1
7,78,1,8,28,5,Tidak Bekerja,0.0,2031134,3.18,2.86,3.35,3.07,2.79,3.33,2.94,,1,0
2,99,2,10,16,0,Tidak Bekerja,0.0,3887368,3.02,2.42,,,,,,,1,0
5,62,2,46,6,0,Bekerja,29.593522708480684,1246313,2.89,2.95,2.21,3.11,3.04,,,,0,1
7,59,0,36,27,8,Bekerja,15.09804490522375,562231,2.38,2.85,2.81,2.45,2.53,2.42,3.24,,0,1
8,87,2,24,26,8,Bekerja,15.428329653394783,1130019,2.88,2.55,2.48,2.54,2.93,3.03,3.31,2.54,0,0
6,52,1,2,15,4,Bekerja,29.715972679244146,831653,3.28,1.67,2.69,3.02,2.9,2.54,,,1,1
6,90,0,34,23,5,Tidak Bekerja,0.0,3010919,2.74,2.35,2.96,2.61,2.42,2.49,,,1,0
6,95,1,0,28,3,Tidak Bekerja,0.0,500000,2.32,2.84,2.48,2.91,3.31,2.8,,,0,0
4,95,1,49,18,7,Bekerja,18.565333997183536,2808965,2.69,2.98,2.71,1.95,,,,,1,0
7,76,0,29,0,6,Tidak Bekerja,0.0,2616286,2.92,2.8,2.14,2.38,2.93,3.37,2.75,,0,1
3,74,0,26,25,5,Tidak Bekerja,0.0,3551174,2.25,2.33,2.69,,,,,,0,1
8,96,2,47,18,1,Tidak Bekerja,0.0,2161390,2.94,2.44,2.43,2.84,2.97,2.34,2.73,2.37,1,0
6,71,2,31,14,1,Tidak Bekerja,0.0,4067332,3.12,2.91,2.57,2.08,2.53,3.22,,,1,0
3,86,0,7,20,9,Tidak Bekerja,0.0,1434562,3.79,2.53,3.17,,,,,,1,0
3,95,1,22,28,2,Bekerja,26.88534810375114,2318240,2.59,2.64,2.77,,,,,,0,0
6,51,3,14,28,6,Tidak Bekerja,0.0,2483890,2.04,2.81,2.64,3.24,2.92,2.59,,,0,1
8,80,2,48,2,0,Bekerja,26.22144426215136,2446325,2.81,3.16,2.66,2.43,2.6,2.45,2.8,2.63,0,1
7,86,1,18,22,1,Bekerja,16.594973714627464,1355983,2.52,3.12,2.7,3.02,2.43,3.53,3.21,,1,0
7,69,1,49,16,8,Bekerja,20.27817519401747,2988194,3.02,3.22,3.11,3.6,3.16,2.73,2.07,,0,1
5,97,1,19,20,7,Tidak Bekerja,0.0,3800685,3.0,2.92,2.23,2.72,3.5,,,,0,0
5,67,0,14,20,0,Tidak Bekerja,0.0,2708964,3.1,2.74,2.55,3.01,3.2,,,,1,1
8,73,1,31,14,1,Bekerja,24.39708533864529,1054684,2.61,2.15,3.53,2.62,2.59,2.82,2.66,2.61,0,0
2,80,3,48,15,0,Bekerja,21.89300857350311,2033879,2.83,3.19,,,,,,,0,1
6,79,0,35,5,6,Tidak Bekerja,0.0,2896161,3.03,2.62,2.57,2.9,2.8,2.61,,,1,0
8,65,0,8,19,0,Bekerja,13.57404292908171,2850081,2.71,2.72,3.26,1.75,2.91,1.55,2.66,2.85,1,1
8,79,0,34,2,6,Bekerja,20.17934673422089,1651504,2.56,3.68,2.85,2.81,2.99,2.11,2.46,3.23,1,1
2,50,2,33,2,1,Tidak Bekerja,0.0,2236934,2.43,2.17,,,,,,,0,1
5,76,2,47,21,4,Tidak Bekerja,0.0,1879862,3.48,2.62,2.18,2.8,3.13,,,,0,0
4,95,0,33,24,7,Tidak Bekerja,0.0,2278629,2.57,2.79,3.09,2.76,,,,,0,0
7,89,1,30,10,2,Tidak Bekerja,0.0,2977265,2.74,2.39,2.77,2.65,2.26,2.14,2.65,,0,0
2,89,0,48,8,8,Tidak Bekerja,0.0,2466810,2.98,4.0,,,,,,,0,0
3,95,0,21,7,0,Tidak Bekerja,0.0,2999982,3.38,2.52,2.24,,,,,,0,0
6,73,1,36,3,2,Tidak Bekerja,0.0,1009707,2.66,2.71,2.43,3.29,2.78,3.12,,,0,1
8,55,2,26,28,2,Tidak Bekerja,0.0,3869770,2.48,2.6,3.27,1.95,3.07,2.64,2.51,2.7,0,1
4,94,1,48,28,5,Tidak Bekerja,0.0,3435776,2.52,2.66,3.05,2.56,,,,,1,0
5,60,1,27,16,6,Tidak Bekerja,0.0,1969333,3.19,3.07,2.94,2.81,3.03,,,,0,1
5,79,0,38,25,8,Tidak Bekerja,0.0,1769504,2.73,3.42,2.77,2.96,3.09,,,,0,0
2,84,4,43,6,1,Tidak Bekerja,0.0,3397921,2.48,2.54,,,,,,,0,1
5,92,1,26,20,1,Tidak Bekerja,0.0,4112371,3.08,2.84,2.53,2.88,2.78,,,,1,0
4,75,1,6,13,7,Tidak Bekerja,0.0,2469895,2.47,2.59,2.08,2.67,,,,,0,1
3,86,1,38,20,2,Tidak Bekerja,0.0,1653578,3.09,2.52,3.04,,,,,,0,0
5,54,0,31,9,2,Tidak Bekerja,0.0,2371163,2.94,2.82,3.14,2.5,2.71,,,,0,1
8,86,1,1,9,8,Bekerja,18.229939328788245,2682084,2.51,2.64,2.21,2.99,3.05,2.88,2.41,3.11,0,0
6,51,0,49,23,5,Tidak Bekerja,0.0,1646734,2.59,2.81,2.58,3.55,2.68,2.84,,,0,1
5,90,1,6,13,0,Tidak Bekerja,0.0,2418711,3.21,2.29,3.13,3.12,2.32,,,,0,0
7,74,0,30,4,1,Tidak Bekerja,0.0,1925883,2.46,2.74,2.53,2.6,3.09,3.7,3.01,,0,1
5,86,0,1,29,5,Bekerja,14.641616553789092,2539964,2.95,2.52,2.33,2.09,2.45,,,,0,1
4,79,0,44,8,4,Tidak Bekerja,0.0,2514813,3.15,2.32,2.88,3.48,,,,,1,0
6,74,2,19,9,6,Tidak Bekerja,0.0,3338582,2.7,2.76,2.13,1.75,2.29,2.94,,,0,1
6,73,0,2,10,9,Tidak Bekerja,0.0,1058026,2.78,2.93,2.7,3.22,3.04,2.99,,,1,0
8,83,2,25,16,8,Tidak Bekerja,0.0,2607438,2.84,2.77,2.46,2.52,3.05,2.99,3.51,3.17,0,0
2,85,1,6,5,6,Bekerja,19.48373614677021,2184976,3.1,2.87,,,,,,,1,0
6,86,1,3,29,7,Tidak Bekerja,0.0,1409873,2.49,2.37,3.12,2.55,3.08,2.97,,,0,0
2,94,4,5,19,2,Bekerja,21.804393410953356,3219564,3.33,1.18,,,,,,,0,1
4,70,3,41,27,0,Tidak Bekerja,0.0,2005546,2.67,2.48,3.32,1.96,,,,,0,1
6,80,0,11,18,5,Tidak Bekerja,0.0,4023037,2.47,2.92,2.49,2.47,2.76,2.81,,,0,0
6,95,2,5,15,8,Tidak Bekerja,0.0,3413670,2.38,2.29,2.65,2.62,2.97,2.83,,,0,0
4,60,1,17,7,2,Bekerja,21.140971532446997,4204513,2.71,1.86,2.21,2.01,,,,,0,1
5,98,0,16,1,9,Bekerja,17.56916491041644,1315016,2.81,3.26,2.14,3.29,3.29,,,,0,1
6,68,1,21,7,9,Tidak Bekerja,0.0,2120233,2.31,3.42,3.31,2.51,2.8,3.08,,,0,1
4,73,2,29,9,8,Tidak Bekerja,0.0,2423018,2.94,3.3,2.82,3.11,,,,,1,0
4,86,1,15,26,7,Tidak Bekerja,0.0,500000,2.39,3.57,3.06,2.26,,,,,0,0
5,59,4,48,20,7,Tidak Bekerja,0.0,2439149,2.5,3.18,2.25,2.87,2.79,,,,0,1
7,80,1,9,13,0,Tidak Bekerja,0.0,3413838,2.94,2.21,3.26,3.3,2.08,2.88,3.03,,1,0
4,62,1,23,28,4,Tidak Bekerja,0.0,1508605,2.88,3.07,2.63,3.32,,,,,1,1
6,54,1,49,3,0,Bekerja,14.479212648102866,3543273,2.83,2.62,2.3,2.53,3.37,3.17,,,0,1
5,73,0,14,23,4,Tidak Bekerja,0.0,2348346,2.22,3.15,2.72,2.94,2.2,,,,1,0
7,90,0,39,21,5,Tidak Bekerja,0.0,1546446,2.68,2.83,3.31,3.0,2.62,2.92,2.57,,1,0
8,88,1,23,27,3,Tidak Bekerja,0.0,1796014,2.34,2.13,2.84,3.45,2.87,2.37,1.94,2.58,0,0
8,99,0,4,15,2,Tidak Bekerja,0.0,2097466,2.82,2.09,2.63,2.03,2.06,1.91,3.6,2.9,1,0
4,94,0,17,1,6,Bekerja,23.394833704011038,1402675,2.81,3.18,2.59,2.48,,,,,1,1
4,70,0,13,20,4,Tidak Bekerja,0.0,1874548,2.46,3.31,2.88,2.83,,,,,1,0
6,53,1,5,11,6,Tidak Bekerja,0.0,4546233,2.47,2.52,2.78,2.73,2.99,2.5,,,0,1
8,67,1,11,23,4,Bekerja,18.042895168246535,3723550,2.62,2.5,2.24,2.3,2.41,2.43,2.79,3.58,0,1
3,58,0,5,3,0,Tidak Bekerja,0.0,601675,2.73,2.26,3.08,,,,,,0,1
6,81,1,29,29,0,Tidak Bekerja,0.0,931565,2.33,3.21,2.73,2.26,2.69,3.18,,,0,0
2,97,0,22,12,2,Tidak Bekerja,0.0,4630801,2.76,3.08,,,,,,,0,0
5,54,1,17,4,4,Tidak Bekerja,0.0,3651459,2.36,2.43,2.46,2.51,2.9,,,,0,1
3,82,1,1,5,5,Tidak Bekerja,0.0,3921754,2.56,3.4,3.07,,,,,,1,0
2,57,1,37,7,3,Tidak Bekerja,0.0,2904962,2.97,3.19,,,,,,,1,1
2,95,3,0,6,5,Tidak Bekerja,0.0,3793233,2.53,2.51,,,,,,,0,1
8,68,1,41,21,6,Tidak Bekerja,0.0,5584385,3.21,2.47,2.9,2.58,2.79,2.47,3.34,1.99,1,1
6,65,0,1,20,5,Tidak Bekerja,0.0,1000424,3.71,3.04,2.99,2.73,2.45,2.66,,,1,1
2,78,1,3,8,8,Tidak Bekerja,0.0,3955652,2.87,2.99,,,,,,,1,0
5,60,1,2,22,2,Tidak Bekerja,0.0,2233735,2.26,2.19,2.66,3.82,2.7,,,,0,1
8,96,0,35,28,8,Bekerja,17.334008248761382,3812137,2.75,2.86,2.82,2.37,2.71,3.55,2.2,3.25,0,0
4,66,2,27,10,2,Tidak Bekerja,0.0,2608034,3.29,2.13,2.46,2.99,,,,,0,1
8,56,1,9,17,3,Tidak Bekerja,0.0,1565379,2.92,2.58,2.7,2.86,2.85,2.43,2.61,2.87,0,1
4,83,1,28,15,7,Tidak Bekerja,0.0,3581120,2.77,2.72,2.96,2.59,,,,,0,0
3,67,1,33,11,5,Tidak Bekerja,0.0,1295343,2.81,2.75,2.95,,,,,,0,1
2,74,0,35,22,3,Tidak Bekerja,0.0,4551428,3.65,2.49,,,,,,,0,0
4,75,1,6,21,2,Bekerja,17.645127821978303,4484513,2.93,3.78,3.11,3.1,,,,,1,0
5,77,1,31,24,9,Bekerja,15.487593694730368,4025060,2.81,2.57,1.85,2.63,3.01,,,,1,0
7,69,1,12,26,3,Tidak Bekerja,0.0,3095283,2.81,2.05,2.53,3.03,2.5,2.71,2.83,,1,1
3,53,0,8,8,8,Tidak Bekerja,0.0,3187120,2.88,2.75,2.43,,,,,,0,1
4,83,1,22,14,5,Tidak Bekerja,0.0,1397601,3.14,2.19,2.75,3.04,,,,,0,0
8,67,0,4,18,0,Tidak Bekerja,0.0,4819883,2.27,2.78,2.99,2.39,3.31,2.34,3.49,2.7,1,1
4,74,1,0,6,8,Tidak Bekerja,0.0,3013371,2.89,3.61,2.79,2.7,,,,,0,0
7,55,2,6,15,9,Bekerja,23.024044953057775,2148459,2.58,2.67,2.51,2.63,3.14,2.98,3.05,,1,1
2,98,0,10,27,3,Bekerja,20.869124889756556,1852541,2.98,2.48,,,,,,,0,0
6,90,1,2,19,4,Tidak Bekerja,0.0,3353363,2.58,2.37,3.14,2.93,3.48,3.17,,,1,0
2,88,0,11,0,6,Tidak Bekerja,0.0,2353176,2.69,2.63,,,,,,,1,1
2,84,0,10,15,9,Bekerja,36.213776409194104,2726185,2.47,2.44,,,,,,,1,1
3,64,2,16,14,7,Tidak Bekerja,0.0,1228940,2.62,2.71,2.37,,,,,,1,1
5,64,2,14,15,2,Tidak Bekerja,0.0,1160655,2.06,2.27,2.48,2.47,2.74,,,,1,1
7,57,1,7,15,0,Bekerja,23.96894357321067,2073408,2.95,2.94,3.04,2.33,2.81,3.14,2.93,,1,1
4,67,1,1,29,2,Tidak Bekerja,0.0,2374627,2.99,2.3,2.87,2.5,,,,,0,1
5,73,0,38,7,0,Tidak Bekerja,0.0,500000,3.39,3.51,2.84,3.49,3.3,,,,1,0
4,57,0,5,25,0,Tidak Bekerja,0.0,2520876,3.08,3.31,2.78,2.24,,,,,0,1
2,54,3,42,2,7,Tidak Bekerja,0.0,2469220,2.78,3.01,,,,,,,0,1
5,98,0,30,16,4,Bekerja,21.333776332284717,1411569,3.13,3.44,3.27,2.48,1.82,,,,1,0
6,78,2,24,29,1,Tidak Bekerja,0.0,2196747,2.64,3.09,3.42,2.01,2.89,1.83,,,1,0
5,75,0,38,27,5,Bekerja,21.147914398152835,3175490,3.09,2.83,3.47,2.67,2.63,,,,0,0
6,81,0,33,12,5,Tidak Bekerja,0.0,3080041,2.48,2.42,2.52,3.25,2.82,1.84,,,0,0
3,55,0,30,28,7,Bekerja,17.36642793557968,1565540,3.11,2.33,2.57,,,,,,1,1
5,61,0,37,5,3,Bekerja,17.578156827481145,2272412,2.97,3.04,3.31,3.58,2.29,,,,0,1
3,63,2,21,16,5,Tidak Bekerja,0.0,1046920,2.69,2.75,2.62,,,,,,1,1
4,57,1,34,0,6,Bekerja,20.924748245793726,931139,2.47,2.34,2.71,2.59,,,,,1,1
4,56,0,32,13,8,Tidak Bekerja,0.0,3289658,2.84,3.45,2.72,2.04,,,,,1,1
6,54,3,10,24,2,Tidak Bekerja,0.0,3028078,2.54,2.44,2.18,2.79,2.69,2.57,,,0,1
3,51,2,17,14,1,Tidak Bekerja,0.0,2126272,2.51,2.69,2.79,,,,,,0,1
2,78,0,21,17,6,Bekerja,20.62969648040535,1191591,2.88,3.29,,,,,,,0,0
8,86,1,7,20,8,Tidak Bekerja,0.0,4154934,2.8,2.33,2.78,2.68,3.2,3.03,2.79,2.76,1,0
7,88,1,25,13,4,Tidak Bekerja,0.0,4694239,2.49,2.16,2.74,3.21,2.74,2.32,2.81,,0,0
3,57,1,8,10,8,Tidak Bekerja,0.0,3422833,2.72,3.22,2.69,,,,,,1,1
7,71,0,2,12,9,Bekerja,22.82876588681816,2732384,3.21,2.9,2.57,2.08,2.9,2.93,2.69,,0,0
2,56,3,33,1,5,Bekerja,17.07499181791392,2800688,2.05,2.94,,,,,,,0,1
4,60,4,25,28,1,Bekerja,24.106019943236525,1658526,2.04,1.96,2.34,3.82,,,,,1,1
2,79,2,43,8,4,Tidak Bekerja,0.0,1744554,2.72,2.47,,,,,,,1,0
8,98,0,6,20,7,Tidak Bekerja,0.0,500000,3.18,2.34,3.78,2.86,2.9,3.0,2.94,3.37,0,0
3,100,1,36,23,9,Tidak Bekerja,0.0,2444558,3.31,2.82,3.26,,,,,,1,0
2,83,1,34,22,5,Tidak Bekerja,0.0,2655590,3.06,2.0,,,,,,,0,0
6,56,1,0,24,9,Tidak Bekerja,0.0,4439991,2.71,2.27,2.66,2.0,2.76,3.2,,,0,1
6,70,4,38,16,1,Bekerja,32.10672188460603,2289644,3.47,3.12,2.44,2.71,3.24,2.23,,,0,1
3,94,4,35,11,8,Tidak Bekerja,0.0,3006777,2.77,2.64,3.18,,,,,,1,1
6,62,2,25,15,6,Tidak Bekerja,0.0,1239729,2.67,2.34,2.81,2.91,2.35,2.39,,,0,1
6,79,0,36,12,5,Bekerja,31.408626827887357,2022505,3.43,2.21,3.59,3.06,2.47,2.94,,,0,0
7,64,1,3,8,0,Tidak Bekerja,0.0,1455675,2.01,2.56,2.87,2.81,2.65,2.6,2.69,,0,1
4,93,3,27,3,8,Tidak Bekerja,0.0,500000,3.08,2.88,2.68,3.45,,,,,0,1
5,92,3,6,16,9,Tidak Bekerja,0.0,1117326,2.98,2.97,3.47,2.37,3.05,,,,1,1
7,81,1,23,29,9,Tidak Bekerja,0.0,3393382,2.87,2.85,2.78,3.03,2.08,3.31,2.48,,1,0
7,97,1,39,3,9,Tidak Bekerja,0.0,3271296,3.06,2.52,2.65,2.41,3.03,2.47,2.82,,1,1
7,71,2,47,1,3,Bekerja,25.780371610538587,1631111,2.75,3.54,2.75,2.99,3.37,2.39,2.18,,1,1
6,78,1,3,27,5,Tidak Bekerja,0.0,2018928,2.55,3.08,2.71,2.55,2.69,2.95,,,1,0
4,77,1,47,3,3,Tidak Bekerja,0.0,3156901,2.84,3.13,3.25,3.22,,,,,0,1
7,53,1,16,16,0,Tidak Bekerja,0.0,2496953,2.75,2.44,2.46,3.2,2.84,2.68,2.45,,0,1
2,57,0,24,11,6,Tidak Bekerja,0.0,1385086,2.8,3.13,,,,,,,1,1
2,59,0,17,6,0,Tidak Bekerja,0.0,3601022,2.81,2.63,,,,,,,0,1
5,97,2,36,17,7,Tidak Bekerja,0.0,2511246,2.62,3.23,2.34,3.22,2.91,,,,0,0
7,55,0,43,16,1,Bekerja,10.542809936290379,3444526,2.7,2.39,2.95,3.18,2.75,2.79,2.59,,0,1
6,89,0,7,17,7,Tidak Bekerja,0.0,2671191,2.3,2.76,2.99,2.77,2.55,2.52,,,0,0
6,93,2,8,9,3,Tidak Bekerja,0.0,3242852,1.74,3.04,2.52,3.22,3.67,3.17,,,1,0
8,94,0,49,18,8,Tidak Bekerja,0.0,2827083,2.25,2.48,2.59,2.51,2.53,2.6,2.31,2.33,0,1
4,60,1,15,5,7,Bekerja,23.099444102938325,4203880,2.72,3.16,3.11,3.13,,,,,0,1
2,64,1,26,6,3,Tidak Bekerja,0.0,1932554,3.24,2.78,,,,,,,0,1
4,59,1,22,12,0,Tidak Bekerja,0.0,1857067,2.64,2.85,2.79,2.42,,,,,1,1
3,89,0,16,3,5,Tidak Bekerja,0.0,1719542,3.71,2.95,2.99,,,,,,0,1
8,89,1,20,8,6,Bekerja,28.017677410662998,1370357,2.82,2.72,1.73,3.32,1.98,2.97,3.23,2.91,0,0
7,53,2,41,26,5,Tidak Bekerja,0.0,3444832,2.51,2.17,2.68,3.34,2.6,3.55,3.5,,0,1
8,53,2,0,4,0,Tidak Bekerja,0.0,4488749,2.56,3.27,3.06,2.6,2.62,2.41,3.17,3.03,0,1
5,59,1,28,27,0,Tidak Bekerja,0.0,3456473,2.82,2.66,2.99,2.0,3.52,,,,1,1
5,89,2,18,17,1,Tidak Bekerja,0.0,1728416,2.99,2.44,3.79,2.57,2.24,,,,0,0
5,77,2,49,15,0,Tidak Bekerja,0.0,3487168,2.84,2.63,3.7,2.92,2.5,,,,0,0
7,55,0,30,6,3,Tidak Bekerja,0.0,588469,2.45,3.38,3.37,2.93,3.08,2.82,2.67,,1,1
6,96,0,31,4,5,Tidak Bekerja,0.0,1021494,3.16,2.41,3.12,2.83,2.49,2.73,,,0,1
6,94,0,31,11,7,Tidak Bekerja,0.0,2437294,2.78,2.7,2.77,2.54,2.94,3.1,,,0,0
8,63,0,8,0,8,Tidak Bekerja,0.0,960610,2.53,2.43,2.24,2.3,3.15,3.03,2.68,2.61,0,1
3,95,0,27,6,5,Tidak Bekerja,0.0,2018936,3.94,2.83,2.06,,,,,,1,0
7,55,0,35,4,2,Bekerja,18.746177247200837,3152173,3.19,2.73,2.92,2.43,2.69,2.62,2.32,,0,1
2,54,0,13,10,4,Tidak Bekerja,0.0,2444033,2.62,2.78,,,,,,,1,1
8,80,1,2,0,9,Tidak Bekerja,0.0,2800392,2.49,2.82,2.75,2.39,2.79,2.96,2.31,2.88,0,1
6,62,1,15,16,3,Bekerja,20.67640628847893,2565386,2.06,3.16,3.21,2.13,2.44,2.72,,,1,1
8,97,2,25,27,9,Tidak Bekerja,0.0,3972956,2.48,2.35,2.78,1.99,2.9,2.94,2.2,3.31,0,0
3,59,1,41,16,6,Bekerja,20.609428207975572,1670216,2.58,2.9,2.64,,,,,,0,1
8,72,0,25,11,8,Tidak Bekerja,0.0,3911179,3.17,2.95,1.77,3.54,3.18,2.3,3.54,2.34,0,0
4,57,0,32,13,5,Tidak Bekerja,0.0,4432614,3.07,2.85,3.0,2.72,,,,,0,1
6,51,0,23,11,0,Tidak Bekerja,0.0,2522265,3.44,2.89,2.6,2.78,3.11,2.68,,,0,1
7,62,1,33,15,5,Tidak Bekerja,0.0,3615959,2.75,3.22,3.02,3.36,3.05,2.85,3.21,,0,1
5,99,0,32,28,1,Tidak Bekerja,0.0,2060361,3.38,2.25,1.89,2.59,2.92,,,,1,0
2,67,1,17,15,7,Bekerja,20.618995058194567,1515885,2.59,3.41,,,,,,,1,1
8,93,2,8,12,4,Tidak Bekerja,0.0,2974267,2.77,3.12,3.18,2.6,2.81,3.49,3.04,3.02,0,0
5,65,0,38,11,1,Tidak Bekerja,0.0,3159555,2.36,2.6,2.99,2.88,2.14,,,,1,1
8,84,2,18,13,4,Tidak Bekerja,0.0,3341073,3.12,2.93,3.61,3.16,2.8,3.02,2.43,2.84,0,0
4,79,0,24,13,0,Tidak Bekerja,0.0,773134,3.31,2.38,2.64,3.24,,,,,0,0
8,90,4,41,2,3,Tidak Bekerja,0.0,3392332,2.28,2.11,3.12,2.6,2.87,2.71,2.23,2.89,0,1
6,85,0,38,17,3,Tidak Bekerja,0.0,909041,3.05,3.07,2.93,2.22,2.5,3.07,,,0,0
3,69,1,35,12,9,Tidak Bekerja,0.0,3963507,3.1,2.52,2.84,,,,,,0,1
2,81,1,40,25,0,Tidak Bekerja,0.0,2676272,3.22,2.44,,,,,,,0,0
4,75,0,41,10,9,Bekerja,17.413401575783276,2869048,2.68,3.13,2.43,2.98,,,,,0,0
6,97,0,33,7,4,Bekerja,18.391800811020893,2522589,2.11,2.86,2.44,2.83,2.65,2.48,,,0,0
3,77,1,5,2,2,Tidak Bekerja,0.0,3123998,2.97,2.79,2.64,,,,,,1,1
6,73,0,49,12,9,Bekerja,9.512761326972985,1992126,2.87,2.18,3.15,3.54,2.61,3.6,,,1,0
4,68,1,43,29,3,Tidak Bekerja,0.0,3600992,2.8,2.51,2.74,1.86,,,,,0,1
8,65,2,40,3,9,Tidak Bekerja,0.0,3411617,3.16,1.85,2.87,2.69,3.03,2.99,2.64,2.89,1,1
8,88,2,48,22,3,Bekerja,20.532167460053742,2477472,2.03,2.64,3.14,3.09,3.45,3.33,2.83,3.3,1,0
2,65,0,37,10,4,Bekerja,24.685016610576945,2242782,3.17,3.64,,,,,,,0,1
4,68,1,16,14,3,Tidak Bekerja,0.0,1026485,2.72,2.35,2.71,2.27,,,,,0,1
2,100,0,30,27,2,Tidak Bekerja,0.0,1601598,2.59,3.07,,,,,,,1,0
6,90,1,17,20,4,Bekerja,26.201255528019296,1663669,2.82,2.56,2.47,2.94,3.18,2.96,,,1,0
6,70,1,12,7,0,Tidak Bekerja,0.0,3750416,2.4,2.12,2.77,2.38,2.39,2.13,,,1,1
7,60,2,8,0,2,Bekerja,21.40152796046436,2930404,2.86,2.64,2.29,2.66,2.34,2.25,3.11,,0,1
7,95,0,28,27,2,Tidak Bekerja,0.0,1018845,2.38,3.03,3.07,2.72,2.7,3.05,2.46,,1,0
6,67,2,12,13,6,Tidak Bekerja,0.0,2118371,3.32,3.04,2.41,3.36,2.83,3.24,,,0,1
7,50,1,9,11,2,Bekerja,24.041674563433197,2459561,2.01,3.14,2.73,2.68,1.73,2.62,2.72,,1,1
6,97,0,35,12,3,Tidak Bekerja,0.0,3447594,3.05,2.83,2.97,1.83,2.39,2.74,,,1,0
8,56,1,12,12,2,Tidak Bekerja,0.0,3222449,2.88,2.81,3.43,2.49,2.75,3.0,3.39,2.97,1,1
8,80,1,11,23,5,Tidak Bekerja,0.0,3243444,3.25,2.83,3.28,2.33,2.97,3.54,2.77,2.73,0,0
4,66,0,25,15,1,Tidak Bekerja,0.0,1421877,2.78,2.63,3.11,2.0,,,,,0,1
8,59,0,36,5,0,Tidak Bekerja,0.0,1439468,3.27,2.07,2.51,3.2,3.12,3.09,2.21,2.72,0,1
6,57,1,10,10,5,Tidak Bekerja,0.0,1633461,3.37,2.86,2.35,3.39,3.34,3.36,,,0,1
8,97,1,10,13,8,Tidak Bekerja,0.0,1352713,2.35,3.23,2.62,3.17,3.23,2.11,2.81,3.4,0,0
8,76,0,29,7,4,Tidak Bekerja,0.0,2629617,3.08,3.1,2.73,2.59,2.25,2.8,3.4,2.75,0,0
7,72,0,4,2,0,Tidak Bekerja,0.0,2093921,2.81,2.45,2.22,3.18,2.16,3.14,2.84,,0,1
8,100,1,20,27,2,Bekerja,19.285256324679217,1752685,2.99,2.8,2.17,3.74,3.56,2.55,2.83,3.51,0,0
7,82,1,4,25,0,Tidak Bekerja,0.0,4136544,3.32,2.47,2.73,2.67,2.8,3.0,3.15,,0,0
4,70,1,14,20,1,Tidak Bekerja,0.0,3858992,2.72,3.09,3.09,2.77,,,,,1,0
7,100,0,34,24,1,Tidak Bekerja,0.0,3433817,2.98,3.03,3.2,2.23,3.0,3.07,3.26,,0,0
5,93,2,22,26,7,Bekerja,20.826108164737427,2908194,2.86,2.95,3.01,1.76,3.23,,,,0,0
6,56,0,34,16,0,Bekerja,18.407083406820856,2755202,3.05,3.42,3.81,2.59,3.07,2.83,,,1,1
4,50,1,0,15,0,Tidak Bekerja,0.0,2944391,3.5,2.53,2.88,2.47,,,,,0,1
5,51,0,35,5,0,Tidak Bekerja,0.0,2064843,2.18,3.07,3.19,3.15,2.55,,,,0,1
5,90,2,4,21,8,Tidak Bekerja,0.0,2547227,2.64,2.94,3.08,3.13,2.94,,,,1,0
5,91,2,16,24,7,Tidak Bekerja,0.0,3454405,2.57,3.63,2.72,2.77,2.93,,,,0,0
3,76,1,3,25,1,Tidak Bekerja,0.0,1845834,2.64,2.62,2.8,,,,,,0,0
5,68,0,12,19,7,Tidak Bekerja,0.0,3044668,2.38,2.96,2.87,2.68,3.47,,,,0,1
3,76,2,5,28,3,Tidak Bekerja,0.0,3041037,3.24,3.12,2.86,,,,,,0,0
3,100,2,41,8,3,Bekerja,19.39354571989583,2702485,2.93,2.77,2.85,,,,,,1,0
3,56,0,48,8,4,Tidak Bekerja,0.0,2479872,2.55,2.45,2.68,,,,,,0,1
5,92,0,31,12,0,Tidak Bekerja,0.0,2869333,2.7,3.17,2.99,3.38,1.75,,,,1,0
4,50,0,0,3,6,Tidak Bekerja,0.0,4184682,3.1,2.3,3.53,3.02,,,,,1,1
7,80,2,36,15,3,Tidak Bekerja,0.0,1285748,2.27,2.77,2.9,2.89,2.96,2.73,3.09,,0,0
6,98,1,26,4,2,Bekerja,23.65233178813341,3045027,2.86,2.66,2.44,2.68,2.74,3.71,,,1,1
6,96,0,1,23,4,Tidak Bekerja,0.0,3058285,2.06,2.33,2.55,3.22,2.57,3.48,,,1,0
6,62,1,8,6,3,Bekerja,19.119841122051994,2200506,2.96,2.54,2.04,2.17,2.73,2.87,,,0,1
6,91,3,0,28,2,Bekerja,24.201874415336142,3796438,2.58,3.26,2.89,2.87,2.43,2.99,,,1,1
6,51,1,28,12,7,Tidak Bekerja,0.0,3123612,3.2,1.99,3.17,2.98,2.64,3.5,,,1,1
3,73,1,43,7,6,Bekerja,17.398641461153616,1042940,2.72,2.94,2.75,,,,,,0,0
4,56,2,33,0,3,Tidak Bekerja,0.0,3894264,2.44,2.45,2.36,2.67,,,,,0,1
4,93,2,41,12,9,Tidak Bekerja,0.0,2867789,3.06,2.92,3.08,2.16,,,,,1,0
2,60,1,2,23,6,Tidak Bekerja,0.0,3201272,3.92,3.14,,,,,,,0,1
4,79,0,34,8,7,Tidak Bekerja,0.0,5308548,2.53,2.5,2.79,2.45,,,,,1,0
2,83,0,11,11,0,Bekerja,22.672770230630185,3641694,2.24,1.66,,,,,,,0,1
5,50,1,11,3,9,Bekerja,23.82555270437132,923937,3.24,3.13,3.36,2.76,2.81,,,,0,1
4,66,1,35,9,3,Bekerja,21.370789612389107,1943133,3.28,2.61,3.13,2.64,,,,,0,1
8,51,1,49,13,9,Bekerja,14.281746385389255,2690648,2.72,2.31,3.17,2.14,2.96,3.34,3.05,3.11,1,1
4,66,0,17,24,0,Tidak Bekerja,0.0,3046893,3.66,3.05,2.68,2.33,,,,,0,1
5,74,2,23,28,5,Tidak Bekerja,0.0,2062033,2.69,2.81,2.52,3.12,2.62,,,,1,0
5,92,3,33,14,3,Tidak Bekerja,0.0,2383759,2.48,2.83,2.71,2.91,2.46,,,,0,1
5,68,1,38,17,8,Tidak Bekerja,0.0,2246697,2.12,2.76,2.43,3.22,2.98,,,,0,1
4,74,1,36,29,8,Tidak Bekerja,0.0,3395879,3.12,3.08,3.2,2.6,,,,,1,0
4,81,1,39,24,9,Tidak Bekerja,0.0,4801300,3.1,3.67,2.82,3.11,,,,,0,0
4,84,4,15,15,5,Tidak Bekerja,0.0,2684529,2.6,2.99,3.09,2.49,,,,,1,1
3,64,2,19,7,3,Bekerja,15.359333803889143,2690894,2.61,2.52,2.25,,,,,,1,1
6,83,1,46,20,5,Tidak Bekerja,0.0,3856315,2.78,2.98,2.81,2.84,2.45,3.07,,,0,0
7,50,1,28,5,5,Bekerja,21.481055196341842,500000,2.53,3.1,2.77,2.4,2.49,3.11,3.35,,0,1
8,87,0,25,17,6,Tidak Bekerja,0.0,4333950,2.55,2.35,2.31,2.33,3.38,2.77,2.48,2.39,0,0
4,58,1,41,10,6,Bekerja,23.080249902469596,2804800,3.04,2.58,3.54,2.51,,,,,0,1
5,81,0,26,12,6,Tidak Bekerja,0.0,1973241,3.52,3.49,2.13,2.64,2.28,,,,0,0
6,89,1,17,25,1,Bekerja,21.134578884447045,3051844,2.75,2.74,3.07,3.37,3.4,2.8,,,1,0
4,62,1,45,21,2,Bekerja,25.746448631673573,1909111,2.76,2.05,2.41,3.55,,,,,0,1
8,94,0,8,4,9,Tidak Bekerja,0.0,959808,3.15,3.17,2.86,2.86,2.31,2.72,2.75,3.28,0,1
5,72,4,22,23,6,Bekerja,25.40560057157719,3379742,2.51,3.26,2.58,3.36,2.16,,,,0,1
7,100,1,33,22,1,Bekerja,11.415349303842902,1430737,2.98,2.68,2.69,3.18,3.18,3.08,2.35,,1,0
8,60,2,41,26,8,Tidak Bekerja,0.0,2341240,2.5,2.66,2.37,2.81,2.68,2.76,3.22,2.83,1,1
4,53,0,15,28,1,Tidak Bekerja,0.0,2425171,3.25,2.82,2.87,3.25,,,,,1,1
7,87,1,3,20,3,Bekerja,24.64681811434054,1196093,2.56,2.58,3.05,2.51,3.02,2.87,2.26,,1,0
7,60,1,2,5,7,Tidak Bekerja,0.0,1062476,3.67,2.78,3.39,3.0,2.74,3.05,2.87,,1,1
2,86,0,14,17,6,Tidak Bekerja,0.0,3457893,2.69,2.42,,,,,,,1,0
2,88,3,44,3,3,Tidak Bekerja,0.0,2637587,2.82,2.24,,,,,,,0,1
3,86,3,48,10,8,Tidak Bekerja,0.0,1036902,2.5,2.47,2.71,,,,,,0,1
3,56,0,35,22,0,Bekerja,12.668306024324888,3926579,2.56,2.64,2.54,,,,,,0,1
2,97,2,10,26,8,Bekerja,24.815601958501517,744566,2.6,3.29,,,,,,,1,0
8,98,0,4,3,8,Tidak Bekerja,0.0,4071570,2.98,2.67,3.74,3.16,2.59,2.79,2.28,3.09,1,1
6,77,0,46,25,3,Tidak Bekerja,0.0,1575073,2.6,3.11,2.48,2.55,2.5,2.56,,,0,0
2,62,1,24,11,2,Tidak Bekerja,0.0,4510905,2.97,2.52,,,,,,,0,1
6,71,1,6,2,6,Tidak Bekerja,0.0,2327344,2.83,2.93,3.05,2.87,2.85,3.26,,,0,1
7,67,2,11,3,8,Tidak Bekerja,0.0,1993048,2.9,2.76,1.88,2.38,3.37,2.84,2.43,,0,1
6,73,0,26,28,5,Tidak Bekerja,0.0,3502989,1.87,2.25,2.39,2.76,2.31,2.33,,,1,1
7,85,0,20,21,0,Tidak Bekerja,0.0,1531720,1.75,2.66,2.19,2.77,3.11,3.25,2.37,,1,0
3,57,1,21,12,3,Tidak Bekerja,0.0,1939813,2.64,2.15,2.7,,,,,,0,1
7,87,0,18,18,8,Tidak Bekerja,0.0,2169031,2.41,3.1,2.45,2.05,2.68,2.89,2.83,,0,0
7,64,1,4,22,0,Bekerja,20.600205277312163,2161517,2.78,3.1,2.73,3.0,3.43,3.65,2.43,,0,1
6,90,1,17,16,0,Tidak Bekerja,0.0,2593974,2.98,2.37,2.64,2.9,2.33,2.19,,,1,0
4,99,1,32,9,3,Tidak Bekerja,0.0,3010835,2.97,3.15,3.07,3.0,,,,,0,0
7,97,0,37,25,7,Bekerja,21.64126666369194,3812962,2.96,2.55,2.26,3.56,2.88,2.28,2.42,,0,0
6,89,4,39,4,0,Tidak Bekerja,0.0,2331197,3.18,3.15,3.24,3.11,2.33,2.73,,,0,1
6,97,0,21,17,7,Tidak Bekerja,0.0,2593429,2.96,2.92,3.16,3.28,2.97,2.55,,,1,0
3,61,1,6,11,5,Bekerja,14.16239234432163,2485827,2.8,3.09,2.22,,,,,,1,1
2,63,1,4,3,6,Bekerja,9.149112181741156,1020580,2.86,3.61,,,,,,,0,1
7,71,0,48,18,2,Tidak Bekerja,0.0,3068787,2.39,3.25,2.2,2.6,3.19,2.75,2.06,,0,0
4,58,2,43,26,6,Tidak Bekerja,0.0,3383546,2.14,3.4,2.63,2.81,,,,,0,1
8,94,3,47,16,4,Bekerja,15.074122715472416,2772486,2.7,2.4,2.99,3.46,2.44,2.91,2.99,2.67,0,1
3,85,2,23,10,0,Tidak Bekerja,0.0,759361,2.89,3.17,3.06,,,,,,0,0
3,85,1,8,20,2,Tidak Bekerja,0.0,2528668,3.03,3.16,2.71,,,,,,0,0
4,82,2,23,12,5,Tidak Bekerja,0.0,919588,3.07,2.96,3.48,2.79,,,,,0,0
5,61,1,16,26,1,Bekerja,19.257617772418435,3703037,2.87,2.63,3.5,2.48,2.64,,,,0,1
5,92,1,30,20,6,Tidak Bekerja,0.0,1001780,3.04,2.25,2.81,2.34,3.18,,,,1,0
8,60,2,12,12,3,Tidak Bekerja,0.0,2661272,2.84,2.62,2.94,3.92,3.04,3.06,2.56,2.32,1,1
2,98,2,18,4,5,Tidak Bekerja,0.0,3217922,2.78,3.23,,,,,,,1,1
2,79,2,45,17,8,Tidak Bekerja,0.0,2512703,3.36,2.83,,,,,,,0,0
5,62,2,29,7,9,Bekerja,36.717924599650026,1207743,2.96,2.54,2.95,2.43,2.48,,,,0,1
8,57,1,10,28,2,Tidak Bekerja,0.0,2509246,2.8,3.79,2.71,2.85,2.89,2.81,2.16,2.56,1,1
2,71,1,23,27,7,Bekerja,20.753145462231178,2759640,3.01,2.88,,,,,,,1,0
3,54,0,2,13,4,Bekerja,17.218511595034034,1910645,2.48,3.44,2.63,,,,,,0,1
6,100,1,48,27,5,Tidak Bekerja,0.0,3022750,3.97,2.63,2.83,3.48,2.18,3.26,,,0,0
8,69,0,1,20,5,Tidak Bekerja,0.0,2883851,2.69,2.52,3.04,2.13,2.15,2.96,3.64,3.41,0,1
5,100,0,39,14,1,Tidak Bekerja,0.0,2418577,2.42,2.24,2.54,3.04,2.74,,,,0,0
3,84,3,43,2,6,Bekerja,25.37766368671706,2149498,2.19,2.8,3.1,,,,,,1,1
5,93,4,30,13,9,Tidak Bekerja,0.0,1929219,2.55,1.98,3.6,2.72,2.45,,,,1,1
8,52,0,30,11,5,Bekerja,19.469443322805592,1138469,3.11,3.09,2.49,3.0,2.83,3.16,2.72,2.33,0,1
6,91,3,3,27,6,Tidak Bekerja,0.0,1917117,2.65,3.12,3.2,2.15,2.52,2.87,,,1,1
8,81,0,21,2,7,Tidak Bekerja,0.0,2595461,2.73,2.84,3.77,2.26,3.73,2.74,2.27,3.62,1,1
2,92,2,34,2,2,Tidak Bekerja,0.0,3840684,2.47,2.64,,,,,,,1,1
7,97,1,29,18,2,Tidak Bekerja,0.0,3438703,1.64,2.63,2.83,3.05,2.44,3.09,2.9,,0,0
8,94,1,2,15,9,Bekerja,21.439827218422767,2189834,2.43,2.97,3.19,2.26,2.51,2.82,3.11,2.44,0,0
2,59,1,33,17,9,Tidak Bekerja,0.0,711955,2.99,2.72,,,,,,,1,1
2,72,0,11,4,0,Tidak Bekerja,0.0,3340645,2.21,2.54,,,,,,,1,1
6,88,1,42,29,5,Tidak Bekerja,0.0,500000,3.43,2.44,2.91,2.71,2.36,3.2,,,0,0
6,95,0,15,19,0,Tidak Bekerja,0.0,1685696,2.92,2.55,3.07,2.6,2.78,3.15,,,0,0
3,100,0,44,18,0,Tidak Bekerja,0.0,2299979,2.65,2.89,2.28,,,,,,0,0
2,93,0,6,12,2,Tidak Bekerja,0.0,1684418,2.18,2.87,,,,,,,0,0
6,90,1,39,11,9,Tidak Bekerja,0.0,3323536,3.35,2.15,3.04,2.96,2.98,2.5,,,0,0
3,73,0,28,19,4,Tidak Bekerja,0.0,1987523,2.54,3.26,3.61,,,,,,0,0
2,69,0,26,18,5,Tidak Bekerja,0.0,1181349,2.77,3.02,,,,,,,1,1
5,65,0,33,8,7,Tidak Bekerja,0.0,1412965,2.42,3.16,1.95,3.53,3.24,,,,0,1
4,75,2,10,29,2,Bekerja,14.285619832688527,1382461,3.32,2.39,2.69,2.94,,,,,0,0
6,91,1,16,28,4,Tidak Bekerja,0.0,4188727,2.56,2.27,3.11,2.95,2.93,2.9,,,0,0
8,60,1,30,20,9,Tidak Bekerja,0.0,1828488,2.7,1.77,2.49,2.35,2.28,2.08,2.43,3.56,1,1
8,86,1,5,29,0,Tidak Bekerja,0.0,1905971,2.79,2.43,3.23,3.35,3.1,1.87,1.69,2.64,0,0
7,54,2,1,28,4,Bekerja,29.22725916799145,2306548,2.6,3.78,2.75,3.63,2.48,2.83,2.56,,0,1
5,52,1,16,13,6,Tidak Bekerja,0.0,1749925,2.86,3.09,2.75,2.87,2.41,,,,1,1
3,79,5,15,6,6,Bekerja,14.526623298417867,958894,3.39,3.55,3.0,,,,,,0,1
2,57,2,29,16,3,Tidak Bekerja,0.0,1295760,2.96,2.62,,,,,,,0,1
5,79,1,46,17,0,Tidak Bekerja,0.0,1937618,1.49,2.9,2.7,2.56,2.57,,,,1,1
7,84,0,25,15,3,Tidak Bekerja,0.0,3202243,2.97,2.68,2.84,1.87,2.26,2.68,3.13,,0,0
6,96,2,44,9,1,Tidak Bekerja,0.0,3288864,2.66,2.29,3.07,2.97,2.56,2.44,,,0,0
8,76,0,15,19,3,Tidak Bekerja,0.0,1637866,2.87,2.94,2.89,2.89,3.16,2.88,3.05,2.4,0,0
3,68,3,3,25,1,Tidak Bekerja,0.0,1186947,2.91,2.37,2.82,,,,,,0,1
6,57,2,40,19,3,Tidak Bekerja,0.0,1525492,2.93,3.58,2.88,3.22,2.63,3.24,,,0,1
8,51,0,34,10,6,Bekerja,20.13866259337157,3402832,2.57,2.76,2.68,2.8,2.19,3.04,2.6,2.57,1,1
2,92,1,40,3,4,Tidak Bekerja,0.0,4161531,3.2,3.01,,,,,,,0,1
4,70,2,5,16,0,Tidak Bekerja,0.0,1696165,3.11,3.13,2.17,2.6,,,,,0,0
2,95,0,46,16,7,Tidak Bekerja,0.0,5574502,2.58,3.02,,,,,,,0,0
7,85,1,35,0,2,Bekerja,15.889523760999337,1397716,3.21,3.75,2.87,3.19,3.61,2.64,3.04,,1,1
8,50,0,3,1,8,Tidak Bekerja,0.0,4076738,3.79,2.43,2.94,2.6,3.11,2.66,2.44,3.21,1,1
7,88,1,16,7,8,Tidak Bekerja,0.0,4075346,2.74,2.23,2.17,3.1,3.23,3.28,2.42,,1,0
3,79,2,37,12,5,Tidak Bekerja,0.0,996739,2.89,2.9,2.85,,,,,,1,0
7,96,1,26,7,6,Tidak Bekerja,0.0,3566052,2.6,2.77,2.76,2.66,2.24,3.08,2.85,,1,0
6,69,0,36,27,6,Bekerja,23.90477176042205,3371238,2.31,2.48,2.4,2.69,2.53,2.05,,,0,1
3,92,1,19,27,7,Tidak Bekerja,0.0,2505264,2.49,2.44,2.98,,,,,,0,0
2,57,0,12,9,3,Tidak Bekerja,0.0,1744585,2.54,2.46,,,,,,,0,1
7,94,2,35,3,0,Tidak Bekerja,0.0,2169698,2.54,2.19,2.49,2.83,3.04,3.64,2.56,,1,1
4,65,0,17,8,5,Tidak Bekerja,0.0,1902924,2.83,3.22,3.08,2.54,,,,,1,1
6,51,0,31,25,3,Tidak Bekerja,0.0,2680021,2.9,3.1,2.4,3.28,3.02,2.07,,,0,1
4,59,0,36,17,9,Tidak Bekerja,0.0,3415497,2.96,2.62,2.66,3.08,,,,,0,1
6,84,0,9,13,7,Bekerja,19.054923282621246,1973462,2.7,2.78,2.07,2.85,3.07,2.52,,,1,0
6,57,0,35,4,6,Tidak Bekerja,0.0,3354658,2.15,3.17,2.45,2.52,3.67,2.51,,,0,1
6,75,2,21,15,8,Tidak Bekerja,0.0,2629094,2.47,3.2,2.09,2.5,2.44,2.9,,,0,0
2,63,0,32,24,0,Bekerja,16.850708713203733,3615591,2.9,2.24,,,,,,,0,1
5,100,2,17,14,2,Tidak Bekerja,0.0,1555120,3.03,2.89,2.34,3.15,2.8,,,,1,0
5,96,0,15,9,3,Bekerja,17.517366093073854,1051969,2.69,3.26,2.73,2.68,2.3,,,,1,0
2,79,4,34,25,0,Tidak Bekerja,0.0,1898973,2.64,3.57,,,,,,,1,1
6,60,0,7,26,8,Bekerja,23.18343059761378,2687135,2.86,2.79,2.93,2.64,2.77,2.75,,,0,1
2,81,2,11,17,2,Bekerja,8.860030023329102,3803722,3.29,1.6,,,,,,,0,1
3,63,2,20,16,7,Tidak Bekerja,0.0,2990863,2.96,2.95,2.91,,,,,,0,1
2,100,4,28,24,2,Tidak Bekerja,0.0,3600183,3.71,3.47,,,,,,,1,1
3,73,0,20,28,7,Tidak Bekerja,0.0,1426441,2.46,3.27,2.64,,,,,,1,0
3,62,0,14,4,9,Tidak Bekerja,0.0,954791,3.02,2.65,2.63,,,,,,1,1
4,73,2,42,23,1,Tidak Bekerja,0.0,4468686,2.83,2.74,2.27,2.84,,,,,1,0
8,84,1,20,26,3,Bekerja,14.83234880733662,2242071,2.59,3.84,2.57,2.64,3.09,2.59,2.57,2.55,0,0
6,55,1,38,4,4,Tidak Bekerja,0.0,2321722,2.85,2.85,2.94,2.89,3.6,2.83,,,1,1
5,76,0,6,25,3,Bekerja,9.872621535565095,1606228,2.72,2.83,2.77,2.72,3.16,,,,1,0
5,54,0,18,11,3,Tidak Bekerja,0.0,3569965,2.24,3.15,3.37,2.92,2.92,,,,1,1
4,84,0,47,6,2,Tidak Bekerja,0.0,1741079,3.32,2.47,2.28,2.38,,,,,0,0
3,66,0,29,25,3,Tidak Bekerja,0.0,3625804,3.25,3.59,2.62,,,,,,1,1
3,92,0,13,2,7,Bekerja,11.24153589578011,3946105,2.23,2.54,2.47,,,,,,1,1
8,68,0,10,19,5,Bekerja,17.20148420714684,1480924,2.59,3.2,2.84,3.07,2.87,2.78,2.41,3.35,1,1
3,81,2,38,20,5,Tidak Bekerja,0.0,2664811,3.5,3.08,3.26,,,,,,0,0
5,77,1,23,28,8,Tidak Bekerja,0.0,1817846,2.66,2.82,1.86,3.67,2.87,,,,1,0
2,88,0,34,27,6,Bekerja,22.908524592726433,2070438,2.88,2.37,,,,,,,1,0
3,56,1,35,5,0,Bekerja,16.441122589008092,3280331,2.45,2.37,2.75,,,,,,1,1
6,83,0,4,9,4,Bekerja,20.937873879403607,1861491,2.82,2.75,2.71,2.53,2.9,2.6,,,1,0
2,83,3,34,28,2,Tidak Bekerja,0.0,1608855,2.84,2.67,,,,,,,0,1
3,85,0,20,9,9,Tidak Bekerja,0.0,3812640,2.45,2.27,3.35,,,,,,0,0
7,99,1,40,2,6,Tidak Bekerja,0.0,1270528,2.89,2.32,3.5,2.82,2.73,2.86,3.63,,0,1
6,74,0,29,22,7,Tidak Bekerja,0.0,3812888,2.04,3.01,3.22,2.51,2.79,2.4,,,0,0
2,79,0,19,1,8,Tidak Bekerja,0.0,2592035,3.44,2.72,,,,,,,1,1
3,94,0,5,24,8,Tidak Bekerja,0.0,2124870,3.45,2.67,2.26,,,,,,1,0
2,76,0,46,24,7,Bekerja,19.525376603543187,2525238,2.62,2.89,,,,,,,0,0
5,90,0,10,16,7,Bekerja,14.204346207716917,2609945,3.02,2.78,3.04,2.94,3.01,,,,0,0
3,89,0,12,2,8,Tidak Bekerja,0.0,2892916,3.19,2.27,3.08,,,,,,0,1
5,93,1,22,27,6,Bekerja,18.39489550739181,1516250,3.07,2.88,3.07,2.83,2.18,,,,1,0
8,92,1,35,9,1,Tidak Bekerja,0.0,3595652,2.4,3.52,3.1,2.77,3.34,2.75,2.06,3.28,0,0
5,79,1,7,26,9,Bekerja,9.905439455736742,500000,3.62,2.74,3.1,3.1,2.84,,,,0,0
8,60,1,7,14,8,Bekerja,23.656881874838064,3597184,2.64,2.99,2.98,2.94,2.86,2.31,3.36,2.99,1,1
7,69,1,29,9,3,Tidak Bekerja,0.0,2478105,2.73,3.16,2.32,3.22,2.55,2.66,3.11,,0,1
8,76,0,1,7,5,Tidak Bekerja,0.0,2296581,2.67,2.96,2.68,2.78,2.94,2.37,2.76,3.24,1,0
7,84,0,46,25,1,Tidak Bekerja,0.0,3780426,3.05,2.44,2.25,3.19,2.89,2.46,1.91,,1,0
8,54,0,15,6,9,Bekerja,25.13572299725583,2587147,3.17,3.76,3.58,2.86,2.4,2.33,2.54,3.88,1,1
5,76,1,3,26,6,Tidak Bekerja,0.0,3358312,3.17,2.72,2.36,2.38,3.44,,,,0,0
2,58,1,14,18,8,Tidak Bekerja,0.0,2711719,2.7,2.09,,,,,,,0,1
7,80,2,33,22,4,Tidak Bekerja,0.0,2985434,2.01,3.59,2.53,2.55,2.29,2.19,3.13,,0,0
5,91,2,15,17,6,Tidak Bekerja,0.0,3067088,3.13,2.33,2.07,2.75,2.91,,,,1,0
4,93,3,33,18,4,Tidak Bekerja,0.0,2563026,2.62,3.33,2.78,2.71,,,,,1,1
8,50,2,23,10,5,Tidak Bekerja,0.0,1882811,2.06,2.83,3.55,2.54,2.8,2.5,3.24,2.25,0,1
4,57,0,5,8,0,Tidak Bekerja,0.0,3090309,2.62,3.22,2.75,2.66,,,,,0,1
2,97,0,27,3,0,Tidak Bekerja,0.0,2833494,2.55,2.82,,,,,,,1,1
7,85,0,48,4,8,Tidak Bekerja,0.0,3678933,2.83,3.43,3.41,2.18,3.44,2.92,3.06,,1,1
3,71,0,31,4,5,Tidak Bekerja,0.0,3520061,2.71,2.02,3.03,,,,,,1,1
5,96,1,6,13,0,Tidak Bekerja,0.0,3035136,2.84,2.79,3.05,3.14,2.77,,,,1,0
2,65,1,22,27,9,Tidak Bekerja,0.0,3595826,3.18,3.2,,,,,,,1,1
7,96,1,16,20,8,Tidak Bekerja,0.0,3452873,3.13,3.21,2.65,2.81,2.13,2.03,2.87,,0,0
7,64,0,28,19,7,Tidak Bekerja,0.0,3314475,2.17,2.62,2.73,3.08,3.39,3.08,2.69,,0,1
6,58,0,18,12,0,Tidak Bekerja,0.0,3538842,2.04,2.35,2.56,2.37,2.67,2.9,,,1,1
5,84,0,32,16,3,Bekerja,13.615215023973619,2470667,2.67,2.13,2.46,2.23,2.33,,,,1,1
4,85,1,40,14,8,Tidak Bekerja,0.0,1306736,3.16,2.92,3.04,3.77,,,,,0,0
6,95,0,24,20,9,Bekerja,15.174337744608128,2009421,3.17,3.18,3.21,3.05,3.77,2.46,,,1,0
7,54,3,41,25,3,Tidak Bekerja,0.0,1318053,2.76,2.5,3.66,3.3,3.1,2.67,2.74,,0,1
4,82,2,34,24,4,Tidak Bekerja,0.0,2238619,3.1,2.59,2.28,2.53,,,,,0,0
4,87,2,36,8,4,Tidak Bekerja,0.0,1610984,3.04,2.26,3.17,3.23,,,,,1,0
3,93,1,35,12,8,Tidak Bekerja,0.0,1613760,3.52,2.46,3.4,,,,,,0,0
8,88,0,33,21,8,Tidak Bekerja,0.0,4373277,2.88,3.27,2.67,3.05,2.69,3.07,3.05,3.04,1,0
8,56,1,9,18,6,Bekerja,23.01266303899331,4727857,2.91,2.9,2.83,2.44,3.72,2.55,1.98,2.69,1,1
5,81,1,6,2,2,Bekerja,12.937496920522543,2822633,2.06,2.34,2.7,3.33,3.34,,,,1,1
4,86,2,2,21,9,Bekerja,15.371915442678791,2493614,2.89,2.82,2.58,2.78,,,,,0,0
5,72,0,49,12,4,Tidak Bekerja,0.0,1103328,3.22,3.24,3.02,2.27,2.42,,,,0,0
4,66,1,6,5,9,Tidak Bekerja,0.0,4206288,3.62,3.14,2.6,2.63,,,,,0,1
5,91,2,44,4,0,Tidak Bekerja,0.0,2134465,2.33,2.63,2.98,2.8,2.66,,,,0,1
6,70,2,33,18,8,Tidak Bekerja,0.0,1768797,2.4,2.5,2.69,3.21,2.24,3.47,,,0,0
7,50,4,9,7,6,Bekerja,21.819146373921196,3863181,3.43,3.26,3.3,2.99,2.86,2.24,2.87,,1,1
5,74,1,16,13,4,Tidak Bekerja,0.0,1496895,2.84,2.2,2.77,2.98,3.11,,,,1,0
3,91,1,26,3,0,Tidak Bekerja,0.0,1204642,3.48,3.44,2.07,,,,,,1,1
4,80,1,38,0,0,Tidak Bekerja,0.0,3161911,3.52,2.29,2.2,2.6,,,,,0,1
4,57,1,37,26,7,Tidak Bekerja,0.0,629037,2.6,3.52,2.26,2.4,,,,,0,1
2,87,1,40,20,1,Bekerja,21.11598839539064,1436201,2.86,3.1,,,,,,,1,0
4,51,0,36,11,4,Tidak Bekerja,0.0,2136062,2.3,2.64,2.06,3.29,,,,,0,1
3,78,1,25,21,9,Bekerja,17.50099901302668,2388168,2.37,2.41,3.48,,,,,,0,0
3,76,2,9,10,6,Tidak Bekerja,0.0,3070422,4.0,2.75,2.72,,,,,,0,0
7,65,0,48,26,0,Tidak Bekerja,0.0,1586894,2.76,2.78,2.82,3.24,3.12,2.5,3.11,,1,1
3,91,0,8,25,8,Tidak Bekerja,0.0,808821,3.36,2.92,2.09,,,,,,0,0
2,75,1,21,23,8,Bekerja,16.44163123074049,3925016,3.88,2.72,,,,,,,0,0
3,98,0,35,9,5,Bekerja,28.339356550194662,696314,2.38,2.27,3.4,,,,,,1,0
2,61,0,45,21,7,Bekerja,19.647650941950626,872841,2.46,2.59,,,,,,,1,1
8,81,1,19,15,7,Tidak Bekerja,0.0,3694836,3.08,3.39,3.22,3.03,2.48,2.75,2.33,2.37,0,0
6,78,0,32,2,9,Bekerja,26.611676028803966,1399833,2.69,2.7,2.91,3.33,2.71,2.32,,,0,1
5,99,1,4,22,8,Tidak Bekerja,0.0,2332123,3.03,2.74,1.86,2.88,2.7,,,,0,0
6,90,3,12,5,7,Bekerja,22.611393143281337,3722820,3.0,2.78,2.81,2.88,3.03,2.42,,,0,1
4,90,1,24,27,1,Tidak Bekerja,0.0,3280326,2.88,2.16,2.75,2.38,,,,,1,0
6,94,2,18,29,0,Bekerja,19.417667781219436,1994766,2.79,2.73,2.54,2.83,3.78,2.5,,,0,0
7,95,1,9,12,3,Tidak Bekerja,0.0,3947787,2.36,3.02,2.11,2.75,3.33,2.23,2.39,,1,0
3,76,1,41,19,0,Tidak Bekerja,0.0,2913267,2.75,2.96,2.57,,,,,,0,0
7,85,0,37,17,6,Bekerja,11.674748596347932,3390458,2.62,2.5,2.58,2.82,2.83,2.68,3.5,,0,0
7,70,0,31,22,0,Bekerja,22.233516671237645,1463503,2.38,3.14,2.87,2.59,2.56,2.45,2.63,,0,0
7,78,0,48,18,2,Tidak Bekerja,0.0,1472247,2.96,2.85,2.63,3.07,3.56,3.51,2.79,,1,0
6,64,0,1,8,8,Bekerja,21.84004563701384,3376561,2.43,3.37,2.35,2.47,2.62,3.23,,,1,1
2,86,1,34,16,9,Tidak Bekerja,0.0,1381584,2.9,2.42,,,,,,,1,0
6,52,0,33,18,8,Tidak Bekerja,0.0,2569440,2.92,2.37,3.11,2.8,2.65,3.1,,,0,1
4,91,0,8,2,8,Bekerja,16.678356216746835,1186145,2.64,2.82,2.81,2.3,,,,,1,1
5,76,0,39,27,3,Tidak Bekerja,0.0,3037408,2.86,3.33,2.82,3.0,2.91,,,,1,0
8,84,3,42,3,5,Bekerja,30.494645426125196,2355860,2.53,3.37,2.94,2.38,3.39,2.86,2.9,2.7,0,1
4,98,0,47,25,4,Tidak Bekerja,0.0,500000,2.68,2.69,2.69,2.91,,,,,1,0
3,73,2,7,4,5,Tidak Bekerja,0.0,2860302,2.72,3.21,2.95,,,,,,0,1
5,65,2,23,13,7,Tidak Bekerja,0.0,2501774,3.1,2.78,2.52,2.53,2.89,,,,0,1
8,94,1,41,3,9,Tidak Bekerja,0.0,500000,2.88,2.9,2.6,2.4,2.38,2.41,2.92,2.79,1,1
2,95,0,3,21,6,Bekerja,24.87199869653468,1420260,2.57,3.35,,,,,,,0,0
2,76,3,33,18,0,Tidak Bekerja,0.0,1517171,2.69,3.05,,,,,,,1,1
4,67,1,31,24,6,Tidak Bekerja,0.0,935747,3.18,2.76,3.29,1.84,,,,,1,1
7,89,4,41,3,3,Tidak Bekerja,0.0,3073422,2.31,2.91,2.9,2.95,2.23,3.42,2.72,,1,1
7,82,0,45,25,5,Bekerja,28.79144741641666,4031803,2.25,2.29,2.5,3.35,3.13,3.84,2.64,,1,0
8,70,0,1,8,5,Tidak Bekerja,0.0,1756518,2.53,2.88,2.42,2.98,2.46,3.08,2.5,2.96,0,0
2,97,0,30,6,9,Bekerja,16.823044914694,3283291,2.19,3.28,,,,,,,0,0
2,92,0,10,28,4,Bekerja,15.901624304729364,2856538,1.82,2.87,,,,,,,0,1
4,60,0,45,10,8,Tidak Bekerja,0.0,1894749,2.67,2.52,2.35,2.98,,,,,0,1
7,55,0,16,20,8,Tidak Bekerja,0.0,2428215,3.09,2.87,2.88,3.05,2.89,2.97,2.75,,0,1
5,97,1,38,19,9,Tidak Bekerja,0.0,1486567,3.07,2.67,2.32,3.13,2.8,,,,0,0
7,63,1,27,7,5,Tidak Bekerja,0.0,2478363,3.13,2.78,2.5,3.01,3.19,2.22,2.17,,1,1
2,53,0,0,19,0,Bekerja,25.74415310601171,2521585,2.83,2.62,,,,,,,0,1
3,85,0,27,9,7,Tidak Bekerja,0.0,3118214,2.41,2.52,2.63,,,,,,1,0
5,56,1,43,24,3,Bekerja,18.887413309469732,2401187,3.28,2.61,2.64,3.47,2.96,,,,0,1
4,78,0,7,27,6,Tidak Bekerja,0.0,1452937,2.95,2.52,3.12,3.15,,,,,0,0
2,83,0,12,26,2,Tidak Bekerja,0.0,2370624,3.26,2.82,,,,,,,0,0
7,94,0,8,9,8,Tidak Bekerja,0.0,1235616,2.18,3.32,3.17,2.42,3.19,2.28,2.33,,0,0
6,87,0,35,15,4,Tidak Bekerja,0.0,1584032,3.5,3.34,2.7,2.76,2.58,3.23,,,0,0
7,51,1,9,12,5,Bekerja,18.73932565841737,3114701,3.04,3.04,2.44,3.05,2.34,2.67,3.55,,0,1
7,74,1,6,2,3,Tidak Bekerja,0.0,4484235,2.12,2.89,3.08,2.3,2.65,2.58,3.16,,0,1
6,94,1,38,17,2,Tidak Bekerja,0.0,3284197,3.08,2.94,2.81,2.64,2.9,3.04,,,0,0
5,81,1,1,19,4,Tidak Bekerja,0.0,3583121,3.02,2.93,3.45,2.01,2.05,,,,0,0
7,96,2,18,2,0,Tidak Bekerja,0.0,2841979,2.54,2.41,3.01,2.35,2.46,2.18,3.12,,0,1
3,63,0,9,29,0,Tidak Bekerja,0.0,2649511,3.03,2.11,3.16,,,,,,0,1
5,60,0,26,22,3,Tidak Bekerja,0.0,3874228,3.09,1.9,2.97,3.13,2.43,,,,0,1
6,59,1,32,28,0,Tidak Bekerja,0.0,3406227,2.96,1.86,3.64,3.83,2.57,3.05,,,1,1
5,71,0,15,0,2,Tidak Bekerja,0.0,3240170,2.59,2.53,2.29,3.01,2.33,,,,0,1
5,78,0,10,17,7,Tidak Bekerja,0.0,2481202,2.86,3.54,2.99,3.71,2.76,,,,0,0
6,67,0,43,24,0,Tidak Bekerja,0.0,2699704,3.04,3.05,3.02,2.34,2.99,2.55,,,0,1
7,65,2,17,16,5,Tidak Bekerja,0.0,1713531,2.83,2.22,2.68,2.8,2.96,2.32,2.69,,1,1
8,53,1,13,19,3,Bekerja,19.044343750463316,2623698,3.0,2.76,2.62,2.63,2.72,2.3,3.11,2.68,1,1
7,77,0,46,27,9,Tidak Bekerja,0.0,3633348,2.38,3.05,3.28,3.22,2.14,2.55,2.74,,0,0
5,81,0,14,28,1,Tidak Bekerja,0.0,1259353,2.73,2.74,2.69,2.57,2.39,,,,1,0
3,70,0,27,6,6,Tidak Bekerja,0.0,1362279,3.22,3.06,2.64,,,,,,1,0
7,67,0,22,17,4,Tidak Bekerja,0.0,3989587,2.27,2.1,2.2,2.9,3.09,2.44,2.46,,0,1
4,77,0,14,25,0,Tidak Bekerja,0.0,4162584,2.58,2.87,2.65,3.51,,,,,0,0
8,53,0,30,18,9,Tidak Bekerja,0.0,3242539,3.17,2.47,2.24,3.59,2.68,2.97,2.68,3.19,0,1
8,93,0,43,28,6,Tidak Bekerja,0.0,1801033,2.78,3.23,2.85,2.2,2.59,2.66,2.72,3.06,0,0
4,87,0,23,6,7,Tidak Bekerja,0.0,1179030,1.91,2.86,2.6,3.48,,,,,0,0
5,87,1,3,18,9,Tidak Bekerja,0.0,3656303,2.38,3.24,2.48,2.5,3.13,,,,1,0
2,97,0,27,18,1,Tidak Bekerja,0.0,2676379,3.83,2.25,,,,,,,0,0
5,59,0,13,11,6,Tidak Bekerja,0.0,3097988,3.32,3.15,3.45,2.66,2.82,,,,1,1
5,62,1,27,6,5,Tidak Bekerja,0.0,2025225,2.73,2.65,3.14,3.18,3.21,,,,0,1
3,58,0,29,27,6,Tidak Bekerja,0.0,2836286,2.46,2.45,2.88,,,,,,1,1
2,57,2,18,27,4,Tidak Bekerja,0.0,1733010,1.96,2.71,,,,,,,0,1
7,61,0,24,16,1,Bekerja,23.261731116764,1971226,2.65,2.85,2.49,2.99,3.02,2.72,3.95,,0,1
8,55,1,39,12,2,Tidak Bekerja,0.0,2116229,2.14,2.3,2.92,3.12,3.09,3.53,3.13,2.45,0,1
8,86,2,7,19,8,Bekerja,14.639394775259854,1661720,2.34,2.63,2.78,2.28,3.2,2.33,3.15,2.45,1,0
7,87,0,48,5,9,Bekerja,22.810764318300997,1666018,2.97,2.48,3.03,2.44,2.58,2.35,1.8,,0,0
2,55,1,22,4,6,Bekerja,20.07324512740282,3426446,3.28,2.2,,,,,,,0,1
7,74,1,25,0,0,Tidak Bekerja,0.0,1279467,3.3,2.93,1.96,3.22,3.49,2.35,2.39,,0,1
8,55,0,23,24,4,Bekerja,15.837664598462508,2044277,2.75,2.69,3.93,2.97,2.57,2.12,2.93,2.66,1,1
8,100,0,38,20,0,Tidak Bekerja,0.0,1242497,2.93,2.94,3.21,2.69,2.99,3.65,2.94,3.44,1,0
5,86,1,1,5,3,Tidak Bekerja,0.0,1327006,2.75,2.87,2.89,2.65,2.3,,,,1,0
2,68,2,25,9,1,Tidak Bekerja,0.0,3853616,2.5,3.25,,,,,,,1,1
6,53,1,45,18,5,Tidak Bekerja,0.0,1624075,3.02,2.72,2.71,2.85,2.51,3.45,,,0,1
3,55,1,1,20,7,Bekerja,15.151724089829646,2702110,2.93,2.9,2.5,,,,,,0,1
5,59,3,8,28,4,Tidak Bekerja,0.0,2534247,3.02,2.31,2.33,3.85,3.19,,,,0,1
7,90,1,40,14,5,Tidak Bekerja,0.0,699259,2.82,2.52,3.35,2.15,2.99,2.53,2.68,,1,0
8,95,0,31,13,8,Tidak Bekerja,0.0,988995,2.65,2.3,2.65,3.2,2.79,2.46,2.95,3.28,0,0
5,76,2,46,26,2,Bekerja,29.51772021743892,3485866,2.28,2.37,2.92,2.44,2.46,,,,0,1
8,69,3,6,20,3,Bekerja,24.406875409688595,845412,3.15,2.74,3.26,3.16,3.23,3.08,3.35,2.73,1,1
6,80,2,0,23,9,Tidak Bekerja,0.0,3660312,2.94,3.01,2.24,2.41,3.05,3.09,,,0,0
3,74,1,22,24,2,Tidak Bekerja,0.0,967896,2.07,3.27,2.52,,,,,,0,0
5,92,5,33,8,3,Bekerja,22.887326180930735,2783301,2.64,2.28,2.6,2.69,2.94,,,,0,1
7,76,2,15,10,2,Tidak Bekerja,0.0,3135134,2.6,3.39,3.53,2.17,2.74,2.14,2.33,,1,0
4,79,1,22,8,6,Tidak Bekerja,0.0,1723248,3.17,2.84,2.71,3.14,,,,,1,0
6,94,1,1,19,1,Tidak Bekerja,0.0,4371032,2.69,2.61,3.41,2.78,2.93,3.18,,,0,0
3,59,1,10,6,4,Bekerja,18.1768341882499,841358,2.97,2.71,2.93,,,,,,0,1
3,90,1,32,6,7,Bekerja,13.119383364306573,4360087,3.14,2.64,1.93,,,,,,0,0
4,65,3,5,12,8,Tidak Bekerja,0.0,3864986,2.46,2.76,3.31,2.13,,,,,1,1
7,92,1,2,29,2,Bekerja,26.303697269207724,1433541,2.95,2.16,2.84,3.08,2.45,2.55,2.82,,0,0
5,85,0,35,8,7,Tidak Bekerja,0.0,2322110,2.36,3.13,2.63,2.8,2.03,,,,0,0
6,72,0,31,6,0,Tidak Bekerja,0.0,3450697,2.64,3.56,2.28,2.63,3.19,2.5,,,0,0
7,61,1,0,28,8,Tidak Bekerja,0.0,2278740,2.31,2.55,2.96,3.62,2.71,2.63,2.56,,1,1
7,81,1,33,6,9,Bekerja,25.836337871679383,2023559,3.41,2.5,3.05,2.4,3.1,2.54,2.75,,1,0
3,67,1,10,4,4,Tidak Bekerja,0.0,2350261,2.15,2.85,2.57,,,,,,0,1
6,66,2,18,18,7,Tidak Bekerja,0.0,2838835,2.94,2.91,3.03,2.81,3.38,2.8,,,0,1
8,74,0,6,2,8,Tidak Bekerja,0.0,1519928,2.81,2.62,2.42,3.05,3.08,2.31,2.76,2.81,0,1
7,72,3,43,22,8,Tidak Bekerja,0.0,3587846,2.93,2.59,2.22,2.92,2.47,3.04,2.25,,0,1
4,73,0,9,8,1,Bekerja,17.818533792824837,3204829,2.55,3.23,2.62,3.33,,,,,0,0
5,59,0,22,20,2,Tidak Bekerja,0.0,2040699,2.31,2.94,2.97,2.67,2.94,,,,0,1
8,100,0,42,4,7,Tidak Bekerja,0.0,1811943,2.65,1.96,3.61,2.81,2.36,2.35,2.57,2.2,0,1
5,86,1,23,3,2,Bekerja,27.413590223135014,1438071,2.46,2.5,3.05,3.04,3.11,,,,0,1
3,91,0,45,24,8,Tidak Bekerja,0.0,2721017,2.71,2.84,3.54,,,,,,1,0
7,56,0,15,7,3,Tidak Bekerja,0.0,2475225,3.42,3.19,2.86,3.36,3.39,2.66,2.84,,0,1
2,95,2,29,6,8,Bekerja,13.642834629485613,4170307,3.07,3.41,,,,,,,1,0
3,62,0,11,3,8,Tidak Bekerja,0.0,2592467,2.45,2.64,2.51,,,,,,0,1
5,50,1,9,2,9,Bekerja,18.60501115111264,3620015,2.15,2.33,2.0,3.01,2.54,,,,0,1
6,70,2,18,2,2,Tidak Bekerja,0.0,3009895,2.91,3.01,3.06,2.28,2.7,2.84,,,0,1
3,61,3,32,23,3,Tidak Bekerja,0.0,2837607,2.74,3.53,2.51,,,,,,0,1
5,97,2,35,13,2,Tidak Bekerja,0.0,3650493,2.69,2.28,2.93,2.98,3.17,,,,0,0
7,75,1,20,8,9,Tidak Bekerja,0.0,2546586,3.07,2.74,2.86,2.39,2.97,3.01,2.31,,0,0
2,82,1,46,25,4,Tidak Bekerja,0.0,2856134,2.95,2.94,,,,,,,0,0
3,83,0,31,5,1,Tidak Bekerja,0.0,4312618,2.73,2.77,3.14,,,,,,1,0
2,76,0,35,23,2,Tidak Bekerja,0.0,2397998,2.87,2.41,,,,,,,0,0
4,83,1,32,29,4,Tidak Bekerja,0.0,1965584,2.26,2.82,3.08,2.83,,,,,1,0
7,77,0,8,19,6,Tidak Bekerja,0.0,806074,2.4,3.08,2.65,3.08,3.58,2.82,3.0,,0,0
5,92,0,48,13,4,Tidak Bekerja,0.0,2644543,2.96,2.5,3.08,4.0,3.21,,,,0,0
4,50,0,4,2,3,Bekerja,15.332458892238542,3313355,3.18,2.47,3.21,3.3,,,,,1,1
7,78,0,29,22,3,Tidak Bekerja,0.0,4763773,2.93,2.51,2.72,2.69,2.9,2.63,3.57,,1,0
4,52,1,47,12,9,Tidak Bekerja,0.0,1749168,3.07,2.56,2.67,2.59,,,,,0,1
7,99,1,30,19,9,Tidak Bekerja,0.0,3011268,3.33,2.89,2.92,3.31,1.93,2.66,3.14,,1,0
5,84,0,8,5,3,Tidak Bekerja,0.0,3137370,2.14,2.62,3.33,3.91,2.65,,,,1,0
6,50,0,6,4,1,Tidak Bekerja,0.0,3760468,2.69,3.2,3.15,3.21,3.09,2.99,,,0,1
5,62,3,30,21,0,Bekerja,29.384337258682528,500000,2.69,3.19,2.51,2.59,2.73,,,,1,1
6,69,0,32,15,4,Bekerja,22.32750660343871,1988753,3.28,3.0,2.97,2.52,2.64,1.92,,,0,1
5,79,0,35,9,8,Tidak Bekerja,0.0,1866182,2.3,2.38,2.78,3.2,3.3,,,,1,0
8,84,0,21,14,9,Tidak Bekerja,0.0,1721700,2.84,2.54,2.82,2.42,3.35,3.26,2.62,3.04,0,0
4,83,0,37,6,1,Bekerja,18.61305299571241,3068952,2.94,1.96,2.58,2.96,,,,,0,0
8,74,4,21,8,5,Tidak Bekerja,0.0,2966142,3.11,2.77,2.93,2.26,2.3,2.42,3.32,2.77,1,1
3,52,0,8,24,2,Tidak Bekerja,0.0,1881164,3.05,2.77,2.74,,,,,,1,1
6,91,2,47,26,6,Tidak Bekerja,0.0,2909882,1.98,3.24,2.58,2.86,2.18,3.38,,,0,0
2,70,0,28,19,2,Tidak Bekerja,0.0,1059011,2.79,2.45,,,,,,,0,0
4,90,0,34,29,2,Bekerja,22.793777700789136,1527943,2.4,3.59,2.8,2.93,,,,,0,0
6,100,0,7,21,7,Bekerja,21.225395091536193,2308316,2.49,2.18,2.33,3.11,2.61,2.89,,,0,0
7,57,2,10,16,4,Tidak Bekerja,0.0,2870262,2.86,2.7,2.17,2.82,3.17,3.96,2.42,,1,1
6,99,0,30,22,6,Tidak Bekerja,0.0,1170882,2.35,3.23,2.18,2.7,3.38,2.06,,,1,0
8,71,2,27,27,9,Tidak Bekerja,0.0,2080583,2.73,1.84,2.69,2.35,3.24,2.52,2.9,2.8,0,0
5,80,1,35,24,4,Bekerja,17.229889889597036,3538663,3.25,2.8,2.95,2.74,1.97,,,,0,0
4,62,1,26,16,4,Tidak Bekerja,0.0,1913586,3.03,2.96,2.67,2.6,,,,,0,1
2,71,0,44,23,5,Bekerja,14.843070833818944,2039942,3.21,2.81,,,,,,,0,0
7,82,3,2,26,3,Tidak Bekerja,0.0,1807921,3.06,3.61,2.76,2.91,2.85,3.08,3.19,,1,1
2,80,0,0,9,5,Tidak Bekerja,0.0,2185872,3.26,2.92,,,,,,,1,0
7,50,0,31,1,8,Tidak Bekerja,0.0,2885790,3.14,2.33,1.96,2.59,2.35,3.93,2.28,,0,1
3,73,0,12,14,7,Tidak Bekerja,0.0,500000,3.42,2.96,2.64,,,,,,1,0
2,87,4,7,14,6,Tidak Bekerja,0.0,1299434,2.41,2.84,,,,,,,1,1
2,56,0,44,28,0,Tidak Bekerja,0.0,988032,3.14,2.72,,,,,,,0,1
8,78,0,35,25,7,Bekerja,18.09409827584384,4769440,3.38,3.05,3.52,3.48,2.97,3.16,3.06,2.85,0,0
4,63,0,19,29,6,Tidak Bekerja,0.0,1109929,2.82,2.79,2.87,2.54,,,,,0,1
5,88,1,33,3,6,Bekerja,24.905829551279258,3984477,3.14,2.82,1.93,3.3,2.68,,,,0,1
2,84,2,6,24,4,Tidak Bekerja,0.0,2135027,3.19,2.11,,,,,,,0,0
2,62,1,44,22,6,Bekerja,20.5973653176747,1669315,2.95,3.14,,,,,,,1,1
8,99,2,16,23,7,Tidak Bekerja,0.0,1881724,3.43,3.46,2.76,2.73,2.8,2.56,2.46,2.35,0,0
2,58,0,4,5,0,Bekerja,15.588817251529811,1961807,2.1,2.89,,,,,,,0,1
4,69,2,22,9,0,Tidak Bekerja,0.0,1250072,3.36,3.14,2.96,3.52,,,,,1,1
3,96,0,44,6,5,Bekerja,21.423047173518217,1272218,2.61,2.41,2.91,,,,,,0,0
3,69,1,38,13,7,Bekerja,31.68306883765132,3559414,2.91,2.89,2.54,,,,,,0,1
4,83,1,3,14,7,Tidak Bekerja,0.0,1682902,3.09,3.35,2.95,2.62,,,,,0,0
4,98,3,2,25,0,Tidak Bekerja,0.0,1042672,2.23,2.57,3.07,2.87,,,,,1,1
7,66,1,26,13,8,Tidak Bekerja,0.0,2346533,2.62,3.12,3.14,2.51,3.11,3.19,2.52,,0,1
4,91,1,45,10,5,Tidak Bekerja,0.0,2183118,3.11,2.77,3.01,2.43,,,,,0,0
7,99,1,22,5,2,Tidak Bekerja,0.0,2502356,2.64,2.49,2.3,3.14,3.1,2.71,2.35,,0,0
3,60,1,29,11,2,Bekerja,18.613448950878873,2466384,2.8,2.62,1.7,,,,,,0,1
6,74,1,32,16,3,Tidak Bekerja,0.0,3116268,3.1,2.66,3.14,2.35,2.31,2.89,,,0,0
6,50,4,31,1,9,Tidak Bekerja,0.0,1302020,1.81,2.7,2.07,2.67,2.01,3.0,,,0,1
6,92,2,3,16,7,Tidak Bekerja,0.0,2672185,2.33,2.4,2.54,2.74,2.8,3.14,,,0,0
8,64,1,37,23,3,Tidak Bekerja,0.0,2077076,3.38,2.25,2.42,3.23,2.83,2.99,2.78,2.96,1,1
4,78,2,33,21,0,Tidak Bekerja,0.0,1836823,3.04,2.8,2.42,3.84,,,,,1,0
6,76,1,15,21,7,Bekerja,14.18068115421677,2237369,3.12,2.47,3.78,2.58,2.68,2.64,,,0,0
5,100,0,6,1,4,Tidak Bekerja,0.0,3365940,2.08,2.93,2.78,3.18,2.5,,,,1,1
2,84,0,5,0,4,Tidak Bekerja,0.0,2226819,3.46,2.31,,,,,,,0,1
3,99,2,3,28,9,Bekerja,12.636463965044019,2609556,2.81,2.22,3.46,,,,,,1,0
5,86,1,43,19,1,Tidak Bekerja,0.0,1873505,2.86,2.62,2.0,2.12,3.59,,,,1,0
6,50,0,15,7,4,Tidak Bekerja,0.0,1642807,2.6,3.22,2.45,3.32,3.13,2.83,,,1,1
5,76,1,13,21,2,Tidak Bekerja,0.0,1637349,2.71,2.38,2.03,2.94,2.29,,,,0,1
2,70,0,45,25,2,Tidak Bekerja,0.0,3756838,2.17,2.51,,,,,,,0,1
5,80,0,46,14,0,Tidak Bekerja,0.0,4373255,3.04,3.01,2.48,2.86,3.16,,,,0,0
5,79,1,13,23,5,Tidak Bekerja,0.0,2741456,2.45,3.11,2.07,3.2,2.56,,,,0,0
7,56,3,16,12,4,Tidak Bekerja,0.0,2859997,3.08,2.43,2.73,3.2,2.4,2.5,3.01,,0,1
4,77,0,40,1,3,Tidak Bekerja,0.0,4081785,3.07,2.37,2.64,3.01,,,,,1,1
4,64,0,22,4,8,Tidak Bekerja,0.0,3652581,2.62,2.76,3.07,2.56,,,,,1,1
7,64,1,48,8,5,Bekerja,18.6956712649661,2378056,2.82,2.31,3.17,3.34,2.85,2.46,3.25,,0,1
3,74,2,5,21,8,Bekerja,15.695337359007535,3681655,2.55,2.33,3.28,,,,,,1,0
8,80,2,19,4,1,Bekerja,15.30344959601484,2603131,2.77,2.6,2.29,2.31,2.9,2.65,3.49,2.74,1,1
2,83,0,16,11,5,Tidak Bekerja,0.0,3391549,2.67,2.87,,,,,,,0,0
6,69,3,29,3,8,Tidak Bekerja,0.0,1831395,3.06,2.78,2.31,3.32,3.04,2.95,,,0,1
3,98,0,46,1,6,Tidak Bekerja,0.0,2047948,2.93,2.49,2.43,,,,,,1,1
6,70,1,14,16,5,Tidak Bekerja,0.0,2334761,2.62,3.6,2.39,2.79,3.39,2.86,,,1,0
3,51,1,20,26,1,Tidak Bekerja,0.0,3534188,3.37,2.9,3.53,,,,,,0,1
4,50,1,0,23,4,Tidak Bekerja,0.0,1345851,2.38,2.59,2.49,2.41,,,,,0,1
8,82,1,26,16,7,Bekerja,17.10757145143176,2383979,3.36,2.56,2.44,3.46,3.42,2.86,2.86,2.79,1,0
6,74,0,13,20,0,Tidak Bekerja,0.0,2296853,3.08,2.43,3.51,2.37,2.71,3.17,,,0,0
6,57,0,39,16,2,Tidak Bekerja,0.0,2489591,2.79,3.69,3.02,2.28,2.99,2.26,,,1,1
4,91,0,34,19,8,Bekerja,28.191225406310824,3628120,2.94,2.6,2.51,2.46,,,,,1,0
6,64,1,9,1,3,Tidak Bekerja,0.0,1743858,2.23,2.97,3.34,2.47,2.55,2.53,,,0,1
3,84,4,21,21,1,Tidak Bekerja,0.0,2462204,2.45,2.47,2.84,,,,,,1,1
3,53,1,26,7,2,Tidak Bekerja,0.0,2692341,3.3,3.0,3.12,,,,,,1,1
8,92,1,37,28,3,Bekerja,27.17669663461612,2040331,2.35,3.16,2.53,2.35,2.56,2.24,1.95,3.33,0,0
3,84,0,2,12,4,Tidak Bekerja,0.0,3812642,3.26,3.31,2.89,,,,,,1,0
7,76,2,4,19,4,Tidak Bekerja,0.0,1867425,2.96,3.04,2.43,2.86,2.9,2.41,2.8,,0,0
8,75,0,29,21,3,Tidak Bekerja,0.0,504606,2.89,2.66,2.87,3.31,2.97,2.46,3.0,3.0,0,0
2,84,1,9,2,2,Tidak Bekerja,0.0,2597565,2.85,2.58,,,,,,,1,1
6,73,0,25,28,9,Tidak Bekerja,0.0,609806,2.49,2.37,2.6,2.97,2.24,1.8,,,0,1
3,68,0,41,0,9,Tidak Bekerja,0.0,4564728,2.45,3.09,3.37,,,,,,1,1
7,76,0,36,10,3,Tidak Bekerja,0.0,1682478,2.63,2.4,2.72,2.64,2.9,1.96,2.83,,0,0
6,68,0,41,0,0,Bekerja,21.902238919279856,541887,2.98,3.24,2.71,2.26,2.5,2.93,,,0,1
2,73,1,0,20,2,Tidak Bekerja,0.0,3668861,2.86,2.74,,,,,,,1,0
7,60,2,30,3,7,Tidak Bekerja,0.0,3893248,2.93,2.64,2.88,2.85,2.72,3.47,2.19,,1,1
7,58,2,31,12,8,Tidak Bekerja,0.0,1414839,2.98,2.25,3.35,2.75,3.32,2.37,2.59,,0,1
3,67,0,49,12,7,Bekerja,17.53527136161219,2295605,3.41,2.89,2.53,,,,,,0,1
6,55,1,6,10,4,Bekerja,17.333224582440938,2082984,3.08,2.34,2.86,3.08,2.69,2.83,,,0,1
8,54,0,8,25,2,Tidak Bekerja,0.0,640058,2.51,2.03,2.37,2.6,2.52,2.67,3.18,1.98,0,1
7,86,0,14,16,3,Tidak Bekerja,0.0,2836427,2.74,1.95,1.9,3.7,2.43,2.66,2.86,,0,0
4,50,2,48,13,8,Bekerja,23.87287577011713,2198513,3.31,2.44,2.17,2.64,,,,,0,1
4,70,2,32,28,6,Tidak Bekerja,0.0,3277209,2.92,2.78,2.79,2.7,,,,,0,0
7,55,0,45,13,2,Tidak Bekerja,0.0,2166397,2.62,2.97,2.73,3.31,3.19,2.39,3.16,,0,1
6,60,1,8,22,5,Tidak Bekerja,0.0,4373933,2.99,2.77,2.53,2.37,2.9,3.0,,,0,1
8,61,0,9,24,2,Bekerja,16.521777560138407,2701710,3.07,3.55,3.06,1.98,2.86,2.94,2.46,1.97,0,1
4,55,1,25,19,2,Bekerja,26.725686284090045,2837895,2.61,2.89,2.72,3.02,,,,,1,1
6,57,0,49,4,9,Tidak Bekerja,0.0,3829984,2.96,2.61,2.42,2.56,2.89,3.54,,,0,1
8,83,0,44,24,9,Bekerja,16.031905052848593,3320691,2.96,2.71,2.76,2.86,2.46,2.62,2.27,1.93,0,0
8,65,1,17,0,6,Tidak Bekerja,0.0,2212921,2.77,3.08,2.31,2.64,1.87,3.39,3.42,3.54,0,1
4,92,1,14,11,9,Bekerja,5.896774850113697,3164178,3.2,2.82,2.54,3.27,,,,,0,0
4,96,0,26,9,8,Tidak Bekerja,0.0,2855516,3.27,3.14,2.69,2.84,,,,,1,0
2,85,1,35,21,3,Tidak Bekerja,0.0,944305,2.58,3.54,,,,,,,0,0
6,54,0,16,21,3,Tidak Bekerja,0.0,3447733,1.85,2.42,3.66,3.14,3.49,2.92,,,1,1
4,99,1,43,26,0,Bekerja,16.88784524335811,3784982,3.11,3.33,2.29,2.83,,,,,1,0
3,75,1,32,8,7,Tidak Bekerja,0.0,1365086,3.3,2.95,2.89,,,,,,1,0
7,75,0,39,12,8,Tidak Bekerja,0.0,2953079,2.48,2.71,3.01,2.88,2.8,2.74,2.7,,1,0
3,92,0,20,0,9,Tidak Bekerja,0.0,1772854,3.27,2.77,2.7,,,,,,0,1
2,52,1,31,23,1,Tidak Bekerja,0.0,1342293,2.75,2.9,,,,,,,0,1
5,51,2,7,8,2,Tidak Bekerja,0.0,1128361,2.74,2.28,3.06,2.05,2.95,,,,1,1
5,80,1,0,22,2,Tidak Bekerja,0.0,3613402,2.19,3.55,3.23,2.82,2.91,,,,1,0
4,94,0,20,4,3,Bekerja,21.162801404776477,2538052,2.84,1.51,3.32,2.88,,,,,0,1
3,65,0,7,14,4,Bekerja,18.95727899426602,1157905,3.0,2.58,2.77,,,,,,1,1
4,100,1,18,1,1,Bekerja,17.453867496212666,3502865,3.52,3.27,3.2,3.19,,,,,0,1
7,93,3,37,29,6,Tidak Bekerja,0.0,1976306,3.6,2.99,2.64,1.89,2.21,2.01,3.34,,0,1
4,76,0,4,12,6,Tidak Bekerja,0.0,4683078,2.78,2.23,3.47,2.34,,,,,1,0
3,66,0,31,14,4,Tidak Bekerja,0.0,2494011,2.49,3.04,2.09,,,,,,0,1
5,64,3,27,4,1,Bekerja,23.35329525769769,2335158,3.1,2.92,2.49,3.13,2.91,,,,1,1
8,95,0,33,10,7,Tidak Bekerja,0.0,2742748,2.71,2.8,2.42,2.47,2.61,2.53,2.82,2.56,0,0
3,57,1,9,13,9,Tidak Bekerja,0.0,500000,2.31,2.47,2.19,,,,,,0,1
6,71,1,7,13,5,Tidak Bekerja,0.0,2755264,2.85,2.68,2.04,2.95,3.16,2.33,,,0,0
4,61,2,41,18,5,Bekerja,20.883214322340095,4232986,3.32,2.72,2.99,2.66,,,,,0,1
3,89,0,2,18,8,Tidak Bekerja,0.0,2855302,2.82,2.43,2.51,,,,,,1,0
3,79,4,3,2,7,Tidak Bekerja,0.0,2493407,2.81,3.39,2.65,,,,,,1,1
7,88,0,46,26,2,Tidak Bekerja,0.0,2487293,2.36,3.06,2.89,2.83,1.57,2.22,2.8,,1,0
3,63,1,38,11,0,Bekerja,24.698576139932754,559292,2.99,2.82,2.9,,,,,,1,1
5,99,1,20,28,3,Tidak Bekerja,0.0,2300794,2.39,2.96,2.75,2.35,2.86,,,,1,0
7,70,1,20,17,7,Tidak Bekerja,0.0,1066103,2.92,2.69,3.1,2.68,3.19,2.04,2.97,,1,0
7,86,1,45,12,1,Tidak Bekerja,0.0,1906486,3.06,3.05,2.19,2.66,1.92,2.71,2.37,,0,0
6,87,1,12,15,6,Bekerja,16.160465071255146,5307426,2.85,2.7,2.57,2.96,2.55,2.3,,,0,0
5,95,1,6,25,5,Tidak Bekerja,0.0,2409303,2.7,2.74,2.92,2.48,3.11,,,,1,0
2,88,2,19,26,3,Tidak Bekerja,0.0,3277905,2.86,2.53,,,,,,,0,0
7,52,0,8,27,4,Bekerja,20.362340638041687,3530172,3.06,3.09,3.25,3.13,3.12,2.67,2.11,,1,1
8,82,3,20,11,6,Bekerja,8.751365121910109,2425427,2.55,2.79,1.93,2.24,2.5,2.82,3.21,3.1,0,1
4,72,0,8,13,8,Tidak Bekerja,0.0,2402998,3.08,3.18,3.32,2.43,,,,,0,0
2,50,1,2,15,9,Bekerja,28.054493482572454,4006672,2.39,3.54,,,,,,,1,1
5,79,1,34,19,9,Tidak Bekerja,0.0,1794485,3.09,2.31,2.26,2.41,2.72,,,,0,0
8,72,0,5,4,1,Tidak Bekerja,0.0,1860355,3.36,2.95,2.38,2.81,2.86,1.97,2.56,2.63,1,1
2,57,1,24,19,1,Tidak Bekerja,0.0,3309407,2.46,2.7,,,,,,,0,1
3,91,0,29,27,0,Tidak Bekerja,0.0,1516192,2.02,2.45,1.39,,,,,,1,1
2,52,2,11,20,3,Tidak Bekerja,0.0,4906405,2.71,3.26,,,,,,,0,1
4,72,0,38,5,1,Bekerja,15.297400353889326,1889919,2.81,2.75,2.8,2.28,,,,,0,0
4,99,3,15,21,9,Tidak Bekerja,0.0,1671785,2.48,2.79,2.47,3.34,,,,,1,1
5,86,0,28,25,0,Tidak Bekerja,0.0,1620813,2.86,2.81,3.13,3.06,2.5,,,,0,0
8,63,1,49,8,5,Tidak Bekerja,0.0,2649126,2.74,2.72,2.25,3.07,2.54,3.66,2.3,3.16,0,1
7,93,0,8,16,1,Tidak Bekerja,0.0,2531018,2.22,3.48,2.51,2.67,3.02,2.67,2.23,,1,0
4,88,0,41,11,8,Tidak Bekerja,0.0,2678490,1.67,2.57,2.61,2.9,,,,,0,1
4,95,3,18,22,8,Tidak Bekerja,0.0,2322473,2.61,2.29,3.28,2.43,,,,,1,1
5,65,0,12,7,2,Tidak Bekerja,0.0,4122795,2.59,3.07,2.94,2.41,2.73,,,,0,1
3,92,1,41,12,6,Tidak Bekerja,0.0,2289833,2.78,2.72,3.04,,,,,,0,0
2,76,1,10,20,4,Tidak Bekerja,0.0,1172820,2.32,2.27,,,,,,,0,1
6,62,1,32,13,0,Tidak Bekerja,0.0,548135,2.11,3.01,3.06,3.14,2.45,2.26,,,0,1
5,91,2,11,0,2,Tidak Bekerja,0.0,5057686,2.63,3.88,2.98,3.57,1.57,,,,0,1
5,56,2,4,7,1,Tidak Bekerja,0.0,3079451,2.74,2.32,3.05,2.94,2.98,,,,0,1
5,63,1,21,23,0,Tidak Bekerja,0.0,3180528,2.6,2.68,3.38,2.7,1.99,,,,1,1
5,66,1,22,12,4,Tidak Bekerja,0.0,1581192,2.6,2.9,3.34,2.39,2.9,,,,0,1
5,55,0,46,6,4,Tidak Bekerja,0.0,2435906,2.91,3.23,2.05,2.78,3.05,,,,0,1
6,98,0,5,25,7,Tidak Bekerja,0.0,3620159,3.7,2.27,2.39,2.85,2.72,2.52,,,1,0
3,100,2,12,12,6,Tidak Bekerja,0.0,1974623,1.92,2.76,2.11,,,,,,0,1
5,86,1,24,7,6,Tidak Bekerja,0.0,2969346,2.45,2.34,2.87,2.46,2.74,,,,0,0
2,51,1,17,15,8,Bekerja,12.431867284560528,1758454,2.78,3.16,,,,,,,0,1
3,53,0,16,13,6,Tidak Bekerja,0.0,2172546,3.07,3.23,3.18,,,,,,0,1
8,80,1,21,13,0,Tidak Bekerja,0.0,3917007,2.83,2.69,2.0,3.14,3.37,2.25,3.0,2.86,1,0
7,86,3,36,5,4,Tidak Bekerja,0.0,1316772,1.82,2.51,2.18,2.05,2.47,2.85,2.62,,0,1
3,75,0,16,4,2,Tidak Bekerja,0.0,1904243,2.94,2.23,3.22,,,,,,1,1
5,70,0,9,29,8,Bekerja,26.107581887969527,4367705,2.64,2.84,2.63,3.29,2.53,,,,1,0
2,63,1,49,14,0,Bekerja,19.022620158131698,2577372,2.97,3.32,,,,,,,0,1
8,92,1,34,0,5,Tidak Bekerja,0.0,3160217,2.15,2.16,2.7,3.02,2.88,2.32,2.64,3.02,0,1
6,51,3,18,22,4,Tidak Bekerja,0.0,2676650,2.79,2.48,3.09,2.62,3.52,1.73,,,1,1
8,82,1,19,17,6,Tidak Bekerja,0.0,2450189,3.8,3.22,2.11,3.28,3.03,2.92,3.19,3.44,0,0
3,98,1,44,19,4,Bekerja,19.195074365030212,2543073,3.4,3.09,2.79,,,,,,0,0
5,62,1,46,16,4,Bekerja,15.270584078174096,2245700,2.88,3.73,2.8,3.68,2.14,,,,1,1
3,69,0,26,9,6,Bekerja,20.802811137693777,500000,2.6,2.83,2.99,,,,,,0,1
6,59,0,38,8,2,Tidak Bekerja,0.0,2972295,3.07,2.78,3.12,2.33,2.7,2.92,,,0,1
3,90,0,42,3,8,Tidak Bekerja,0.0,1799147,2.5,3.16,2.57,,,,,,0,1
5,75,1,49,25,5,Tidak Bekerja,0.0,2478143,2.71,3.37,2.88,3.42,2.74,,,,0,0
5,82,1,6,26,3,Tidak Bekerja,0.0,1987759,3.16,3.28,2.7,4.0,2.63,,,,1,0
6,51,1,41,6,7,Tidak Bekerja,0.0,2806074,2.93,2.14,3.4,2.43,3.59,2.71,,,1,1
4,64,1,7,26,3,Tidak Bekerja,0.0,4673569,3.14,3.54,3.0,2.58,,,,,1,1
3,72,0,32,3,2,Tidak Bekerja,0.0,3003131,3.75,2.71,2.8,,,,,,0,1
7,72,0,9,20,6,Bekerja,15.902722206842862,500000,2.32,1.96,2.86,2.44,3.46,3.02,3.05,,1,0
4,68,1,27,26,2,Bekerja,21.336446943030108,500000,3.21,2.41,2.43,2.69,,,,,0,1
6,93,3,24,22,4,Tidak Bekerja,0.0,2725781,2.75,3.11,2.87,3.26,2.73,2.39,,,1,1
8,88,2,45,9,4,Tidak Bekerja,0.0,2563881,2.34,2.42,2.55,2.61,2.91,3.04,2.63,2.87,0,0
3,61,0,28,0,8,Tidak Bekerja,0.0,2785025,3.49,3.02,2.55,,,,,,1,1
4,53,1,48,4,1,Tidak Bekerja,0.0,2274438,2.63,2.86,3.23,2.31,,,,,0,1
6,89,2,0,16,3,Tidak Bekerja,0.0,1240736,2.47,2.28,2.51,2.63,3.23,3.22,,,1,0
5,52,0,1,17,4,Bekerja,12.937856270507027,1774344,3.07,2.9,1.9,2.45,2.59,,,,1,1
5,61,4,47,25,1,Tidak Bekerja,0.0,3159562,2.9,2.51,2.89,2.77,2.75,,,,0,1
5,92,1,9,2,9,Tidak Bekerja,0.0,2267211,2.73,3.13,3.2,2.34,3.9,,,,1,1
2,57,1,18,24,0,Tidak Bekerja,0.0,2246025,2.82,3.44,,,,,,,0,1
7,91,1,22,23,6,Bekerja,19.772876982574626,2621620,2.52,3.31,2.57,3.33,2.72,3.04,2.8,,0,0
6,77,0,27,19,8,Tidak Bekerja,0.0,2345976,2.97,3.07,2.0,2.15,3.05,3.14,,,0,0
5,53,0,36,0,0,Tidak Bekerja,0.0,2069587,2.52,3.09,2.97,2.24,3.08,,,,1,1
8,100,0,27,19,6,Tidak Bekerja,0.0,1639749,2.8,2.36,3.06,2.57,2.8,2.49,2.64,3.5,1,0
4,69,1,43,14,5,Tidak Bekerja,0.0,1474606,2.77,3.46,3.13,2.57,,,,,1,1
8,88,0,37,19,4,Tidak Bekerja,0.0,3567033,3.3,2.81,1.99,3.35,3.54,2.83,2.95,2.44,0,0
2,66,0,26,22,4,Tidak Bekerja,0.0,2583741,3.15,2.48,,,,,,,0,1
7,64,0,22,14,1,Tidak Bekerja,0.0,2134491,2.54,2.47,3.29,3.32,2.55,2.47,1.77,,1,1
7,75,1,41,23,0,Tidak Bekerja,0.0,1537423,3.06,2.66,2.44,2.73,2.47,2.67,2.85,,0,0
6,83,0,31,10,5,Tidak Bekerja,0.0,4243207,2.39,2.31,2.39,2.72,3.16,2.91,,,1,0
3,81,1,9,15,6,Tidak Bekerja,0.0,3041193,2.83,2.74,2.38,,,,,,0,0
4,62,0,48,22,6,Tidak Bekerja,0.0,3846584,3.13,3.18,1.83,2.77,,,,,0,1
6,76,0,22,12,4,Bekerja,21.4410206199638,1248154,3.36,3.15,2.65,3.12,2.9,2.76,,,0,0
2,75,1,33,20,7,Tidak Bekerja,0.0,2096205,2.77,2.67,,,,,,,0,0
2,84,0,2,20,9,Tidak Bekerja,0.0,4203842,2.93,4.0,,,,,,,1,0
3,74,3,44,20,7,Bekerja,12.394013629760096,3999355,2.8,3.23,3.12,,,,,,0,1
7,73,1,16,14,7,Bekerja,12.012935036381442,2700102,2.48,2.81,3.03,2.33,2.41,2.28,2.66,,0,0
7,89,2,33,9,6,Bekerja,21.081085832705476,1215957,2.87,2.72,2.68,3.46,3.29,2.39,2.75,,0,0
3,60,3,33,26,9,Bekerja,24.12568971165361,3176739,2.08,2.67,2.67,,,,,,0,1
4,79,2,21,19,3,Tidak Bekerja,0.0,1123394,2.79,3.06,3.26,2.58,,,,,0,0
2,56,2,43,2,0,Tidak Bekerja,0.0,2353545,3.38,2.55,,,,,,,1,1
3,58,1,21,15,3,Tidak Bekerja,0.0,3266264,3.21,2.32,3.04,,,,,,0,1
7,100,0,23,19,0,Bekerja,20.551714701978504,500000,2.08,2.18,1.82,2.5,2.89,2.52,2.64,,0,1
8,64,0,20,26,3,Tidak Bekerja,0.0,721160,3.11,3.67,3.4,2.95,2.46,2.85,3.12,3.57,0,1
8,53,1,32,29,2,Bekerja,28.101847385097308,956488,2.68,2.55,1.75,2.74,3.55,2.81,3.15,3.12,0,1
4,82,1,32,5,3,Tidak Bekerja,0.0,864959,2.86,3.41,2.21,2.23,,,,,0,0
5,88,1,17,29,6,Tidak Bekerja,0.0,3520997,2.28,2.77,3.35,2.58,3.06,,,,0,0
6,79,2,1,24,0,Bekerja,21.020175250410258,3179047,2.86,2.46,2.44,2.45,2.82,3.53,,,0,0
4,63,0,29,16,2,Tidak Bekerja,0.0,2841958,2.59,3.16,2.76,3.06,,,,,0,1
2,70,0,28,23,5,Bekerja,25.382045036827627,1777591,2.53,2.55,,,,,,,0,0
2,99,0,25,21,3,Tidak Bekerja,0.0,2937727,2.5,2.47,,,,,,,0,1
6,76,3,37,17,6,Tidak Bekerja,0.0,2091622,3.16,2.71,3.05,2.6,2.63,3.34,,,0,1
5,64,0,37,21,6,Tidak Bekerja,0.0,3650268,3.11,2.9,2.05,2.84,3.21,,,,0,1
5,57,0,18,21,6,Tidak Bekerja,0.0,2583281,2.76,2.56,2.34,3.22,3.1,,,,1,1
3,70,1,8,5,6,Tidak Bekerja,0.0,3088795,3.06,2.65,1.99,,,,,,1,0
4,55,0,30,14,3,Bekerja,31.48594210784951,3661607,3.3,2.67,2.9,3.13,,,,,1,1
3,68,0,21,10,7,Tidak Bekerja,0.0,3211377,2.66,2.54,2.85,,,,,,0,1
8,82,0,40,24,0,Tidak Bekerja,0.0,3668521,2.22,2.72,2.93,2.07,2.98,3.18,2.91,2.81,1,0
2,87,0,15,16,1,Bekerja,23.471963259126134,557490,2.76,3.29,,,,,,,0,0
7,100,0,31,10,5,Tidak Bekerja,0.0,2568491,2.35,2.88,2.78,2.95,3.33,2.6,2.84,,0,0
7,65,0,48,15,1,Bekerja,21.815360254985823,1286828,3.39,2.27,2.85,2.19,2.13,2.59,2.56,,0,1
5,71,2,0,27,2,Tidak Bekerja,0.0,1429902,3.37,2.79,2.71,2.73,2.69,,,,1,0
2,89,0,42,26,4,Tidak Bekerja,0.0,1380905,3.0,2.57,,,,,,,0,0
8,52,1,29,10,4,Tidak Bekerja,0.0,3385324,2.92,3.19,3.28,2.92,2.02,2.39,2.88,3.56,1,1
4,76,2,47,2,5,Bekerja,19.334696279118873,4993350,2.17,2.53,2.67,2.32,,,,,1,1
6,85,0,33,26,3,Tidak Bekerja,0.0,2195395,3.12,2.73,2.89,3.11,2.82,2.84,,,1,0
4,96,0,24,14,0,Tidak Bekerja,0.0,2610418,2.45,3.1,2.67,2.88,,,,,1,0
6,56,1,20,24,0,Bekerja,14.904291439520907,1665368,3.35,2.89,2.96,2.59,2.47,2.72,,,0,1
2,74,0,28,10,3,Tidak Bekerja,0.0,3238659,3.03,2.71,,,,,,,0,0
4,96,0,44,21,0,Tidak Bekerja,0.0,3367462,2.83,2.35,3.17,2.83,,,,,0,0
8,73,2,0,2,6,Tidak Bekerja,0.0,3030426,3.02,3.01,3.26,3.3,2.8,3.29,3.06,2.49,1,1
2,75,0,28,21,0,Tidak Bekerja,0.0,2910065,2.8,2.69,,,,,,,0,0
2,77,3,17,20,8,Bekerja,13.222675124549994,1549610,1.73,3.08,,,,,,,0,1
2,58,2,1,12,1,Bekerja,26.912689196964024,2680861,3.47,2.42,,,,,,,0,1
4,100,2,39,22,1,Bekerja,22.11931917271287,2827604,3.03,2.61,3.16,3.22,,,,,1,0
8,79,0,6,25,6,Tidak Bekerja,0.0,2478810,2.77,2.89,2.36,2.59,2.26,2.68,2.62,3.61,1,0
2,92,2,37,12,1,Bekerja,18.27702146942,1212160,2.44,2.53,,,,,,,1,1
5,52,1,33,29,5,Tidak Bekerja,0.0,3112624,3.05,3.21,3.13,2.88,2.87,,,,1,1
7,53,2,5,13,4,Bekerja,20.566874235439755,3051338,2.79,2.75,2.6,2.91,2.92,3.09,3.25,,0,1
4,57,3,34,28,8,Tidak Bekerja,0.0,784655,2.61,2.61,1.96,2.64,,,,,1,1
3,84,0,36,29,0,Tidak Bekerja,0.0,1410863,2.52,2.99,3.05,,,,,,1,0
3,100,1,31,1,2,Tidak Bekerja,0.0,1477163,3.14,2.25,3.08,,,,,,0,1
7,83,1,14,7,0,Tidak Bekerja,0.0,3482671,2.84,2.98,2.14,1.75,3.13,3.17,3.31,,0,0
5,93,0,31,5,6,Tidak Bekerja,0.0,1221136,2.34,2.96,2.91,2.85,2.81,,,,1,0
6,83,1,35,23,0,Bekerja,22.447822686020576,2896332,2.95,3.01,3.14,2.62,3.11,2.44,,,0,0
4,60,0,28,7,4,Tidak Bekerja,0.0,2816246,2.55,2.94,3.01,2.7,,,,,0,1
6,91,0,8,22,8,Tidak Bekerja,0.0,2817512,2.56,3.28,3.17,2.14,2.57,2.92,,,1,0
7,82,0,47,21,8,Tidak Bekerja,0.0,2932775,3.03,2.91,2.8,3.06,3.08,3.2,2.64,,0,0
8,60,3,49,16,2,Bekerja,18.14198822969326,3868541,2.68,3.26,3.02,2.1,2.73,3.11,2.99,2.55,0,1
5,50,0,26,21,7,Bekerja,14.350896049692617,2292049,2.79,2.99,2.69,3.3,2.4,,,,1,1
3,53,1,3,26,2,Bekerja,26.749928576367914,4034248,2.32,2.21,2.94,,,,,,0,1
8,50,1,26,7,2,Tidak Bekerja,0.0,3331447,3.18,2.85,2.92,3.48,2.67,2.89,3.29,2.95,1,1
6,58,0,12,12,1,Tidak Bekerja,0.0,3203747,2.84,2.05,3.04,2.84,3.04,3.29,,,0,1
8,78,2,30,16,1,Bekerja,14.669853584857307,2366592,2.72,2.52,3.31,2.86,2.88,2.58,1.71,3.33,0,0
2,90,0,30,13,8,Tidak Bekerja,0.0,2947532,2.6,3.17,,,,,,,0,0
3,88,0,43,26,9,Tidak Bekerja,0.0,5573078,3.05,3.24,2.45,,,,,,0,0
3,68,1,43,10,8,Tidak Bekerja,0.0,4068307,3.08,2.7,2.52,,,,,,0,1
4,91,0,17,2,2,Bekerja,17.57883260290351,2029123,2.87,2.83,2.68,3.03,,,,,0,1
4,98,0,13,19,9,Tidak Bekerja,0.0,2924099,2.13,2.72,2.34,3.37,,,,,1,0
4,66,2,40,4,7,Tidak Bekerja,0.0,1457994,2.62,3.02,2.88,1.93,,,,,0,1
8,100,2,1,15,5,Tidak Bekerja,0.0,1996033,3.0,2.91,3.47,2.47,1.87,1.73,2.74,2.16,0,0
6,91,0,37,28,8,Tidak Bekerja,0.0,3492659,2.36,3.29,2.63,2.23,2.81,1.6,,,1,1
6,51,0,35,0,3,Tidak Bekerja,0.0,4039904,2.87,2.01,2.85,3.0,2.85,2.61,,,0,1
7,99,0,0,28,8,Tidak Bekerja,0.0,2940123,2.46,2.7,2.58,2.97,2.37,3.78,2.61,,0,0
3,100,0,41,11,1,Tidak Bekerja,0.0,2867125,2.89,3.29,2.33,,,,,,0,0
6,60,0,11,25,3,Tidak Bekerja,0.0,2112450,2.71,2.51,2.87,2.2,3.23,2.42,,,0,1
8,68,3,9,18,7,Tidak Bekerja,0.0,3102488,3.02,3.04,2.14,2.73,2.84,3.03,3.58,2.79,1,1
4,86,0,41,24,8,Tidak Bekerja,0.0,3309237,3.04,2.62,2.75,2.88,,,,,0,0
6,76,3,0,8,3,Tidak Bekerja,0.0,3442450,2.7,2.63,2.76,2.52,3.18,2.69,,,1,1
2,75,1,8,9,2,Bekerja,19.09502701899859,1954978,2.16,3.13,,,,,,,1,0
2,84,1,29,27,3,Bekerja,25.190400548686654,2731812,2.82,2.92,,,,,,,0,0
5,62,1,1,2,4,Bekerja,20.158693872584454,3414010,2.95,3.1,3.08,2.92,3.33,,,,0,1
4,54,1,6,1,7,Tidak Bekerja,0.0,3335952,3.08,2.5,2.93,3.4,,,,,1,1
8,58,2,43,28,1,Tidak Bekerja,0.0,3619618,2.71,2.63,2.53,3.11,2.59,2.49,3.34,2.91,0,1
6,100,2,11,6,0,Tidak Bekerja,0.0,5278034,2.84,3.08,2.48,2.9,3.34,2.55,,,0,0
5,75,4,18,18,9,Tidak Bekerja,0.0,4291877,2.76,2.44,2.54,3.14,2.92,,,,0,1
3,99,1,13,24,9,Tidak Bekerja,0.0,2204051,1.92,3.15,3.07,,,,,,1,0
7,71,0,25,10,4,Bekerja,15.142521065567966,2444921,2.47,3.26,3.1,3.14,2.35,2.35,2.83,,0,0
4,79,1,30,25,0,Tidak Bekerja,0.0,3007961,3.06,2.84,2.79,2.69,,,,,0,0
2,59,0,39,13,4,Tidak Bekerja,0.0,2720227,2.69,2.87,,,,,,,1,1
8,53,1,1,9,7,Tidak Bekerja,0.0,3645851,3.35,3.11,2.58,2.98,3.05,2.69,3.2,2.57,0,1
3,90,1,35,22,4,Tidak Bekerja,0.0,3872922,2.52,2.6,2.7,,,,,,0,0
7,66,0,42,9,3,Bekerja,25.895791938687687,508023,2.75,3.55,2.66,2.9,3.18,2.91,2.64,,0,1
8,92,0,19,0,1,Tidak Bekerja,0.0,3601185,2.42,2.93,2.51,2.65,2.93,3.41,2.34,3.15,0,1
7,77,1,6,27,0,Tidak Bekerja,0.0,769815,1.91,3.29,2.99,2.94,3.11,3.56,3.07,,0,0
2,56,2,39,28,6,Tidak Bekerja,0.0,1305415,3.02,2.52,,,,,,,0,1
2,70,0,25,14,3,Bekerja,21.52429156510664,1751415,2.44,3.28,,,,,,,1,0
6,93,2,41,27,7,Tidak Bekerja,0.0,1979377,2.55,2.67,2.28,2.96,3.14,2.25,,,0,0
7,81,0,29,7,5,Bekerja,23.693155194998724,2701431,2.95,3.13,2.54,2.92,2.66,2.6,2.51,,1,0
3,94,2,15,6,8,Tidak Bekerja,0.0,2173836,2.76,3.56,3.02,,,,,,0,0
6,83,2,25,13,6,Bekerja,15.57655356502697,874413,2.87,2.54,3.24,2.65,2.97,2.55,,,1,0
8,63,1,15,2,4,Tidak Bekerja,0.0,4506985,3.07,3.11,2.25,3.3,3.11,3.07,2.61,2.51,0,1
4,90,0,38,29,4,Bekerja,27.11368023255783,1235704,3.05,2.77,2.89,2.96,,,,,1,0
6,66,0,21,25,6,Bekerja,21.85074784060044,2673429,2.22,3.07,2.67,3.41,2.96,2.72,,,1,1
8,74,0,24,6,5,Tidak Bekerja,0.0,3741889,2.7,2.41,2.7,3.51,2.81,2.94,2.6,3.23,1,0
7,87,4,47,13,6,Tidak Bekerja,0.0,2821431,2.43,2.67,2.45,2.84,2.79,2.67,3.72,,0,1
4,79,0,15,27,6,Bekerja,17.379205740453493,4207329,2.3,1.63,2.99,3.21,,,,,1,0
7,98,1,20,2,0,Tidak Bekerja,0.0,4173038,3.07,2.69,2.99,3.46,2.24,2.56,2.55,,0,1
4,93,0,46,22,7,Tidak Bekerja,0.0,2331153,2.74,3.24,2.51,2.02,,,,,1,0
5,82,1,27,10,5,Tidak Bekerja,0.0,2448163,2.04,2.21,2.86,4.0,3.29,,,,1,0
4,89,1,40,14,8,Tidak Bekerja,0.0,1977815,2.12,2.68,2.56,3.01,,,,,1,0
2,72,2,8,28,2,Tidak Bekerja,0.0,2120957,3.0,2.34,,,,,,,0,0
2,78,1,24,14,4,Tidak Bekerja,0.0,1744480,1.67,2.54,,,,,,,1,1
2,90,1,8,27,7,Tidak Bekerja,0.0,1803955,2.23,2.96,,,,,,,0,0
7,51,1,27,15,1,Tidak Bekerja,0.0,1883409,2.02,2.25,3.14,3.33,2.69,3.28,2.24,,1,1
8,72,2,27,17,0,Tidak Bekerja,0.0,2311088,2.94,3.47,2.2,3.25,3.95,2.6,3.45,3.26,0,0
2,51,0,46,8,9,Tidak Bekerja,0.0,2730511,2.82,2.96,,,,,,,1,1
5,95,2,46,0,9,Tidak Bekerja,0.0,500000,2.41,3.34,2.63,1.76,3.0,,,,1,1
7,67,0,3,15,8,Tidak Bekerja,0.0,3443670,2.95,3.14,2.53,3.47,2.59,2.48,3.22,,0,1
6,60,0,4,20,8,Tidak Bekerja,0.0,3693142,2.62,3.11,2.38,2.84,2.96,3.23,,,0,1
7,84,1,2,14,7,Tidak Bekerja,0.0,1387038,2.93,3.63,2.37,3.18,3.11,2.92,2.74,,0,0
2,56,2,35,2,7,Tidak Bekerja,0.0,1786748,3.22,2.72,,,,,,,0,1
2,78,1,13,29,2,Tidak Bekerja,0.0,3360472,2.72,3.15,,,,,,,1,0
8,74,0,38,29,3,Bekerja,22.24501229690557,1976728,2.91,2.35,1.77,2.5,3.29,2.46,2.62,2.53,1,0
3,60,1,45,11,7,Tidak Bekerja,0.0,1514915,2.31,2.91,2.46,,,,,,0,1
2,71,0,7,26,1,Tidak Bekerja,0.0,1323576,2.78,2.69,,,,,,,0,0
8,89,0,13,6,2,Tidak Bekerja,0.0,3942183,2.29,3.15,2.46,2.42,2.42,2.54,2.52,2.7,0,0
8,90,0,6,8,5,Tidak Bekerja,0.0,2254572,2.54,2.81,3.49,2.99,3.08,2.27,2.63,2.62,0,0
5,79,0,8,2,9,Bekerja,21.98628262940118,3399998,2.62,3.08,2.64,2.84,3.0,,,,0,1
6,89,1,25,13,8,Tidak Bekerja,0.0,4133632,2.52,2.67,3.11,3.12,2.94,2.65,,,0,0
8,71,2,5,7,4,Bekerja,22.871812126233262,1485796,3.27,2.97,3.1,2.67,2.32,2.83,2.35,2.96,0,0
4,97,0,19,17,4,Tidak Bekerja,0.0,2204822,2.44,2.63,2.93,3.11,,,,,0,0
2,81,1,13,7,3,Tidak Bekerja,0.0,3068139,1.82,1.81,,,,,,,1,1
2,68,0,11,0,2,Bekerja,18.71048922816135,3087114,2.9,3.53,,,,,,,0,1
7,56,1,10,14,0,Tidak Bekerja,0.0,3250135,3.34,2.25,3.18,2.39,2.41,3.1,2.6,,1,1
6,64,2,26,12,1,Bekerja,17.729546912967248,1969566,2.76,2.61,2.81,2.84,3.0,2.93,,,0,1
6,60,1,33,10,4,Bekerja,23.777356016610845,4023982,2.72,3.47,2.63,3.63,2.66,3.37,,,0,1
4,76,1,35,8,6,Tidak Bekerja,0.0,2739829,2.99,3.57,2.66,2.8,,,,,1,0
6,66,1,28,27,5,Bekerja,24.90366786113033,2378454,3.09,2.3,3.06,2.02,2.8,3.56,,,1,1
2,66,0,23,18,7,Tidak Bekerja,0.0,2053776,3.14,3.17,,,,,,,1,1
7,83,2,43,14,0,Tidak Bekerja,0.0,800850,1.93,2.91,2.67,2.71,2.58,3.09,2.49,,0,0
5,84,1,10,25,1,Bekerja,14.253179905954129,1852833,3.21,2.82,3.01,2.6,3.24,,,,1,0
2,76,3,37,11,2,Tidak Bekerja,0.0,3078778,2.62,3.05,,,,,,,0,1
3,79,0,45,3,3,Tidak Bekerja,0.0,2293927,2.84,2.95,2.59,,,,,,1,1
6,98,1,3,14,9,Tidak Bekerja,0.0,1370603,3.07,2.41,2.05,3.27,2.71,3.38,,,1,0
3,56,0,24,19,1,Tidak Bekerja,0.0,3206935,2.67,2.79,2.73,,,,,,0,1
3,66,2,4,2,6,Bekerja,14.501294747253263,3460390,2.12,2.89,2.41,,,,,,0,1
8,75,0,18,0,4,Bekerja,20.322387634210926,2342985,2.99,2.45,2.92,2.85,2.6,2.68,3.14,2.74,1,1
7,76,1,47,23,6,Tidak Bekerja,0.0,1834443,2.46,2.81,2.82,2.38,3.38,2.75,2.59,,0,0
5,63,0,15,5,4,Tidak Bekerja,0.0,2297946,2.77,3.62,3.07,3.05,3.38,,,,0,1
3,79,1,45,3,9,Tidak Bekerja,0.0,3151319,2.92,2.32,2.71,,,,,,0,1
6,54,3,28,14,9,Tidak Bekerja,0.0,2272322,2.29,2.42,3.53,2.33,3.19,3.17,,,0,1
7,65,1,31,10,8,Tidak Bekerja,0.0,1608482,2.49,2.35,3.33,2.57,3.08,3.02,2.69,,1,1
2,70,1,27,19,2,Bekerja,17.284437668842344,2805333,2.63,2.94,,,,,,,1,0
8,93,2,43,23,2,Bekerja,20.292650894742913,3147826,2.32,2.39,3.15,2.15,2.52,3.12,3.0,2.65,0,0
2,53,0,5,29,1,Bekerja,15.49110611020392,2860947,2.9,3.03,,,,,,,1,1
4,60,0,32,20,1,Tidak Bekerja,0.0,3947583,2.94,2.24,2.64,2.75,,,,,0,1
8,54,0,24,10,5,Bekerja,32.469860402818014,3081305,1.88,2.43,3.22,3.66,2.42,2.85,2.84,2.85,1,1
5,66,1,30,26,1,Tidak Bekerja,0.0,1650191,2.63,2.55,2.12,3.75,2.64,,,,0,1
8,96,2,2,4,2,Tidak Bekerja,0.0,1956987,2.6,2.59,2.12,2.33,2.81,2.62,3.25,2.6,0,1
7,65,1,3,8,5,Tidak Bekerja,0.0,500000,2.88,2.56,2.41,2.71,3.13,2.97,2.82,,0,1
6,72,0,16,21,9,Tidak Bekerja,0.0,3062653,2.59,2.76,2.36,3.08,2.81,3.07,,,0,0
3,84,2,9,13,6,Tidak Bekerja,0.0,2951285,2.55,2.52,2.46,,,,,,0,0
5,88,1,6,26,6,Tidak Bekerja,0.0,2293288,2.1,2.98,2.22,2.8,3.02,,,,0,0
6,55,2,46,14,2,Bekerja,15.86571684966534,2388164,3.27,3.01,2.88,3.13,3.2,3.02,,,1,1
8,91,1,24,6,5,Bekerja,27.684861028511754,2290666,2.4,3.12,3.55,2.82,2.09,3.47,2.86,2.93,1,0
